database_id,searchName,scientificName,decimalLatitude,decimalLongitude,occurrenceID,basisOfRecord,verbatimEventDate,year,country,stateProvince,locality,identifiedBy,coordinateUncertaintyInMeters,recordedBy
GBIF_1,1,"Aparatrigona impunctata (Ducke, 1916)",6.493333,-58.215,657602839,PRESERVED_SPECIMEN,2001-06-10T00:00:00Z,2001,Guyana,Region 10,"Georgetown, 40.5 km SW, Soesdyke, rd. to Linden","Gonzalez, Victor",NA,"Brooks, R & Falin, Z"
GBIF_2,1,"Aparatrigona impunctata (Ducke, 1916)",6.493333,-58.215,657638667,PRESERVED_SPECIMEN,2001-06-10T00:00:00Z,2001,Guyana,Region 10,"Georgetown, 40.5 km SW, Soesdyke, rd. to Linden","Gonzalez, Victor",NA,"Brooks, R & Falin, Z"
GBIF_3,1,"Aparatrigona impunctata (Ducke, 1916)",6.493333,-58.215,657660256,PRESERVED_SPECIMEN,2001-06-10T00:00:00Z,2001,Guyana,Region 10,"Georgetown, 40.5 km SW, Soesdyke, rd. to Linden","Gonzalez, Victor",NA,"Brooks, R & Falin, Z"
GBIF_4,1,"Aparatrigona impunctata (Ducke, 1916)",6.493333,-58.215,657670192,PRESERVED_SPECIMEN,2001-06-10T00:00:00Z,2001,Guyana,Region 10,"Georgetown, 40.5 km SW, Soesdyke, rd. to Linden","Gonzalez, Victor",NA,"Brooks, R & Falin, Z"
GBIF_5,1,"Aparatrigona impunctata (Ducke, 1916)",6.493333,-58.215,657671190,PRESERVED_SPECIMEN,2001-06-10T00:00:00Z,2001,Guyana,Region 10,"Georgetown, 40.5 km SW, Soesdyke, rd. to Linden","Gonzalez, Victor",NA,"Brooks, R & Falin, Z"
GBIF_6,1,"Aparatrigona impunctata (Ducke, 1916)",6.493333,-58.215,657676014,PRESERVED_SPECIMEN,2001-06-10T00:00:00Z,2001,Guyana,Region 10,"Georgetown, 40.5 km SW, Soesdyke, rd. to Linden","Gonzalez, Victor",NA,"Brooks, R & Falin, Z"
GBIF_7,1,"Aparatrigona impunctata (Ducke, 1916)",6.493333,-58.215,657693722,PRESERVED_SPECIMEN,2001-06-10T00:00:00Z,2001,Guyana,Region 10,"Georgetown, 40.5 km SW, Soesdyke, rd. to Linden","Gonzalez, Victor",NA,"Brooks, R & Falin, Z"
GBIF_8,1,"Aparatrigona impunctata (Ducke, 1916)",6.493333,-58.215,657702391,PRESERVED_SPECIMEN,2001-06-10T00:00:00Z,2001,Guyana,Region 10,"Georgetown, 40.5 km SW, Soesdyke, rd. to Linden","Gonzalez, Victor",NA,"Brooks, R & Falin, Z"
GBIF_9,1,"Aparatrigona impunctata (Ducke, 1916)",6.493333,-58.215,657705560,PRESERVED_SPECIMEN,2001-06-10T00:00:00Z,2001,Guyana,Region 10,"Georgetown, 40.5 km SW, Soesdyke, rd. to Linden","Gonzalez, Victor",NA,"Brooks, R & Falin, Z"
GBIF_10,1,"Aparatrigona impunctata (Ducke, 1916)",6.493333,-58.215,657705243,PRESERVED_SPECIMEN,2001-06-10T00:00:00Z,2001,Guyana,Region 10,"Georgetown, 40.5 km SW, Soesdyke, rd. to Linden","Gonzalez, Victor",NA,"Brooks, R & Falin, Z"
GBIF_11,1,"Aparatrigona impunctata (Ducke, 1916)",6.493333,-58.215,657714596,PRESERVED_SPECIMEN,2001-06-10T00:00:00Z,2001,Guyana,Region 10,"Georgetown, 40.5 km SW, Soesdyke, rd. to Linden","Gonzalez, Victor",NA,"Brooks, R & Falin, Z"
GBIF_12,1,"Aparatrigona impunctata (Ducke, 1916)",6.493333,-58.215,657716823,PRESERVED_SPECIMEN,2001-06-10T00:00:00Z,2001,Guyana,Region 10,"Georgetown, 40.5 km SW, Soesdyke, rd. to Linden","Gonzalez, Victor",NA,"Brooks, R & Falin, Z"
GBIF_13,1,"Aparatrigona impunctata (Ducke, 1916)",6.493333,-58.215,657775501,PRESERVED_SPECIMEN,2001-06-10T00:00:00Z,2001,Guyana,Region 10,"Georgetown, 40.5 km SW, Soesdyke, rd. to Linden","Gonzalez, Victor",NA,"Brooks, R & Falin, Z"
GBIF_14,1,"Aparatrigona impunctata (Ducke, 1916)",6.493333,-58.215,657781465,PRESERVED_SPECIMEN,2001-06-10T00:00:00Z,2001,Guyana,Region 10,"Georgetown, 40.5 km SW, Soesdyke, rd. to Linden","Gonzalez, Victor",NA,"Brooks, R & Falin, Z"
GBIF_15,1,"Aparatrigona impunctata (Ducke, 1916)",6.493333,-58.215,657788289,PRESERVED_SPECIMEN,2001-06-10T00:00:00Z,2001,Guyana,Region 10,"Georgetown, 40.5 km SW, Soesdyke, rd. to Linden","Gonzalez, Victor",NA,"Brooks, R & Falin, Z"
GBIF_16,1,"Aparatrigona impunctata (Ducke, 1916)",6.493333,-58.215,657796253,PRESERVED_SPECIMEN,2001-06-10T00:00:00Z,2001,Guyana,Region 10,"Georgetown, 40.5 km SW, Soesdyke, rd. to Linden","Gonzalez, Victor",NA,"Brooks, R & Falin, Z"
GBIF_17,1,"Aparatrigona impunctata (Ducke, 1916)",6.493333,-58.215,657826639,PRESERVED_SPECIMEN,2001-06-10T00:00:00Z,2001,Guyana,Region 10,"Georgetown, 40.5 km SW, Soesdyke, rd. to Linden","Gonzalez, Victor",NA,"Brooks, R & Falin, Z"
GBIF_18,1,"Aparatrigona impunctata (Ducke, 1916)",6.493333,-58.215,657834483,PRESERVED_SPECIMEN,2001-06-10T00:00:00Z,2001,Guyana,Region 10,"Georgetown, 40.5 km SW, Soesdyke, rd. to Linden","Gonzalez, Victor",NA,"Brooks, R & Falin, Z"
GBIF_19,1,"Aparatrigona impunctata (Ducke, 1916)",6.493333,-58.215,657844997,PRESERVED_SPECIMEN,2001-06-10T00:00:00Z,2001,Guyana,Region 10,"Georgetown, 40.5 km SW, Soesdyke, rd. to Linden","Gonzalez, Victor",NA,"Brooks, R & Falin, Z"
GBIF_20,1,"Aparatrigona impunctata (Ducke, 1916)",6.493333,-58.215,658181777,PRESERVED_SPECIMEN,2001-06-10T00:00:00Z,2001,Guyana,Region 10,"Georgetown, 40.5 km SW, Soesdyke, rd. to Linden","Gonzalez, Victor",NA,"Brooks, R & Falin, Z"
GBIF_21,1,"Aparatrigona impunctata (Ducke, 1916)",6.493333,-58.215,658185925,PRESERVED_SPECIMEN,2001-06-10T00:00:00Z,2001,Guyana,Region 10,"Georgetown, 40.5 km SW, Soesdyke, rd. to Linden","Gonzalez, Victor",NA,"Brooks, R & Falin, Z"
GBIF_22,1,"Aparatrigona impunctata (Ducke, 1916)",6.493333,-58.215,658191397,PRESERVED_SPECIMEN,2001-06-10T00:00:00Z,2001,Guyana,Region 10,"Georgetown, 40.5 km SW, Soesdyke, rd. to Linden","Gonzalez, Victor",NA,"Brooks, R & Falin, Z"
GBIF_23,1,"Aparatrigona impunctata (Ducke, 1916)",6.493333,-58.215,658207363,PRESERVED_SPECIMEN,2001-06-10T00:00:00Z,2001,Guyana,Region 10,"Georgetown, 40.5 km SW, Soesdyke, rd. to Linden","Gonzalez, Victor",NA,"Brooks, R & Falin, Z"
GBIF_24,1,"Aparatrigona impunctata (Ducke, 1916)",6.493333,-58.215,658218042,PRESERVED_SPECIMEN,2001-06-10T00:00:00Z,2001,Guyana,Region 10,"Georgetown, 40.5 km SW, Soesdyke, rd. to Linden","Gonzalez, Victor",NA,"Brooks, R & Falin, Z"
GBIF_25,1,"Aparatrigona impunctata (Ducke, 1916)",6.493333,-58.215,658248909,PRESERVED_SPECIMEN,2001-06-10T00:00:00Z,2001,Guyana,Region 10,"Georgetown, 40.5 km SW, Soesdyke, rd. to Linden","Gonzalez, Victor",NA,"Brooks, R & Falin, Z"
GBIF_26,1,"Aparatrigona impunctata (Ducke, 1916)",6.493333,-58.215,658273845,PRESERVED_SPECIMEN,2001-06-10T00:00:00Z,2001,Guyana,Region 10,"Georgetown, 40.5 km SW, Soesdyke, rd. to Linden","Gonzalez, Victor",NA,"Brooks, R & Falin, Z"
GBIF_27,1,"Aparatrigona impunctata (Ducke, 1916)",6.493333,-58.215,658290381,PRESERVED_SPECIMEN,2001-06-10T00:00:00Z,2001,Guyana,Region 10,"Georgetown, 40.5 km SW, Soesdyke, rd. to Linden","Gonzalez, Victor",NA,"Brooks, R & Falin, Z"
GBIF_28,1,"Aparatrigona impunctata (Ducke, 1916)",6.493333,-58.215,658305739,PRESERVED_SPECIMEN,2001-06-10T00:00:00Z,2001,Guyana,Region 10,"Georgetown, 40.5 km SW, Soesdyke, rd. to Linden","Gonzalez, Victor",NA,"Brooks, R & Falin, Z"
GBIF_29,1,"Aparatrigona impunctata (Ducke, 1916)",6.493333,-58.215,658313584,PRESERVED_SPECIMEN,2001-06-10T00:00:00Z,2001,Guyana,Region 10,"Georgetown, 40.5 km SW, Soesdyke, rd. to Linden","Gonzalez, Victor",NA,"Brooks, R & Falin, Z"
GBIF_30,1,"Aparatrigona impunctata (Ducke, 1916)",6.493333,-58.215,658351830,PRESERVED_SPECIMEN,2001-06-10T00:00:00Z,2001,Guyana,Region 10,"Georgetown, 40.5 km SW, Soesdyke, rd. to Linden","Gonzalez, Victor",NA,"Brooks, R & Falin, Z"
GBIF_31,1,"Aparatrigona impunctata (Ducke, 1916)",6.493333,-58.215,658371634,PRESERVED_SPECIMEN,2001-06-10T00:00:00Z,2001,Guyana,Region 10,"Georgetown, 40.5 km SW, Soesdyke, rd. to Linden","Gonzalez, Victor",NA,"Brooks, R & Falin, Z"
GBIF_32,1,"Aparatrigona impunctata (Ducke, 1916)",6.493333,-58.215,658372576,PRESERVED_SPECIMEN,2001-06-10T00:00:00Z,2001,Guyana,Region 10,"Georgetown, 40.5 km SW, Soesdyke, rd. to Linden","Gonzalez, Victor",NA,"Brooks, R & Falin, Z"
GBIF_33,1,"Aparatrigona impunctata (Ducke, 1916)",6.493333,-58.215,658375045,PRESERVED_SPECIMEN,2001-06-10T00:00:00Z,2001,Guyana,Region 10,"Georgetown, 40.5 km SW, Soesdyke, rd. to Linden","Gonzalez, Victor",NA,"Brooks, R & Falin, Z"
GBIF_34,1,"Aparatrigona impunctata (Ducke, 1916)",-0.316667,-66.683333,1065778628,PRESERVED_SPECIMEN,1999-09-28T00:00:00Z,1999,Brazil,Amazonas,Morro dos Seis Lagos,NA,NA,"Rafael, José; Vidal, J."
GBIF_35,1,"Aparatrigona impunctata (Ducke, 1916)",-11.176639,-62.782806,1092733588,PRESERVED_SPECIMEN,1997-07-17T00:00:00Z,1997,Brazil,Rondonia,"Linha 78, Mirante da Serra",NA,NA,"Brown, Boina, Vieira"
GBIF_36,1,"Aparatrigona impunctata (Ducke, 1916)",-0.470556,-76.459722,1092733527,PRESERVED_SPECIMEN,1994-03-04T00:00:00Z,1994,Ecuador,Sucumbios,Sacha Lodge,Camargo,NA,"Hibbs, P"
GBIF_37,1,"Aparatrigona impunctata (Ducke, 1916)",-0.470556,-76.459722,1092733498,PRESERVED_SPECIMEN,1994-03-04T00:00:00Z,1994,Ecuador,Sucumbios,Sacha Lodge,Camargo,NA,"Hibbs, P"
GBIF_38,1,"Aparatrigona impunctata (Ducke, 1916)",-0.470556,-76.459722,1092733519,PRESERVED_SPECIMEN,1994-03-04T00:00:00Z,1994,Ecuador,Sucumbios,Sacha Lodge,Camargo,NA,"Hibbs, P"
GBIF_39,1,"Aparatrigona impunctata (Ducke, 1916)",-0.470556,-76.459722,1092733538,PRESERVED_SPECIMEN,1994-03-04T00:00:00Z,1994,Ecuador,Sucumbios,Sacha Lodge,Camargo,NA,"Hibbs, P"
GBIF_40,1,"Aparatrigona impunctata (Ducke, 1916)",-0.470556,-76.459722,1092733536,PRESERVED_SPECIMEN,1994-03-04T00:00:00Z,1994,Ecuador,Sucumbios,Sacha Lodge,Camargo,NA,"Hibbs, P"
GBIF_41,1,"Aparatrigona impunctata (Ducke, 1916)",-0.470556,-76.459722,1092733510,PRESERVED_SPECIMEN,1994-03-04T00:00:00Z,1994,Ecuador,Sucumbios,Sacha Lodge,Camargo,NA,"Hibbs, P"
GBIF_42,1,"Aparatrigona impunctata (Ducke, 1916)",-0.470556,-76.459722,1092733509,PRESERVED_SPECIMEN,1994-03-04T00:00:00Z,1994,Ecuador,Sucumbios,Sacha Lodge,Camargo,NA,"Hibbs, P"
GBIF_43,1,"Aparatrigona impunctata (Ducke, 1916)",-0.470556,-76.459722,1092733501,PRESERVED_SPECIMEN,1994-03-04T00:00:00Z,1994,Ecuador,Sucumbios,Sacha Lodge,Camargo,NA,"Hibbs, P"
GBIF_44,1,"Aparatrigona impunctata (Ducke, 1916)",-0.470556,-76.459722,1092733533,PRESERVED_SPECIMEN,1994-03-04T00:00:00Z,1994,Ecuador,Sucumbios,Sacha Lodge,Camargo,NA,"Hibbs, P"
GBIF_45,1,"Aparatrigona impunctata (Ducke, 1916)",-0.470556,-76.459722,1092733507,PRESERVED_SPECIMEN,1994-03-04T00:00:00Z,1994,Ecuador,Sucumbios,Sacha Lodge,Camargo,NA,"Hibbs, P"
GBIF_46,1,"Aparatrigona impunctata (Ducke, 1916)",-0.470556,-76.459722,1092733535,PRESERVED_SPECIMEN,1994-03-04T00:00:00Z,1994,Ecuador,Sucumbios,Sacha Lodge,Camargo,NA,"Hibbs, P"
GBIF_47,1,"Aparatrigona impunctata (Ducke, 1916)",-0.470556,-76.459722,1092733526,PRESERVED_SPECIMEN,1994-03-04T00:00:00Z,1994,Ecuador,Sucumbios,Sacha Lodge,Camargo,NA,"Hibbs, P"
GBIF_48,1,"Aparatrigona impunctata (Ducke, 1916)",-0.470556,-76.459722,1092733508,PRESERVED_SPECIMEN,1994-03-04T00:00:00Z,1994,Ecuador,Sucumbios,Sacha Lodge,Camargo,NA,"Hibbs, P"
GBIF_49,1,"Aparatrigona impunctata (Ducke, 1916)",-0.470556,-76.459722,1092733521,PRESERVED_SPECIMEN,1994-03-04T00:00:00Z,1994,Ecuador,Sucumbios,Sacha Lodge,Camargo,NA,"Hibbs, P"
GBIF_50,1,"Aparatrigona impunctata (Ducke, 1916)",-0.470556,-76.459722,1092733505,PRESERVED_SPECIMEN,1994-03-04T00:00:00Z,1994,Ecuador,Sucumbios,Sacha Lodge,Camargo,NA,"Hibbs, P"
GBIF_51,1,"Aparatrigona impunctata (Ducke, 1916)",-0.470556,-76.459722,1092733506,PRESERVED_SPECIMEN,1994-03-04T00:00:00Z,1994,Ecuador,Sucumbios,Sacha Lodge,Camargo,NA,"Hibbs, P"
GBIF_52,1,"Aparatrigona impunctata (Ducke, 1916)",-0.470556,-76.459722,1092733528,PRESERVED_SPECIMEN,1994-03-04T00:00:00Z,1994,Ecuador,Sucumbios,Sacha Lodge,Camargo,NA,"Hibbs, P"
GBIF_53,1,"Aparatrigona impunctata (Ducke, 1916)",-0.470556,-76.459722,1092733518,PRESERVED_SPECIMEN,1994-03-04T00:00:00Z,1994,Ecuador,Sucumbios,Sacha Lodge,Camargo,NA,"Hibbs, P"
GBIF_54,1,"Aparatrigona impunctata (Ducke, 1916)",-0.470556,-76.459722,1092733517,PRESERVED_SPECIMEN,1994-03-04T00:00:00Z,1994,Ecuador,Sucumbios,Sacha Lodge,Camargo,NA,"Hibbs, P"
GBIF_55,1,"Aparatrigona impunctata (Ducke, 1916)",-0.470556,-76.459722,1092733539,PRESERVED_SPECIMEN,1994-03-04T00:00:00Z,1994,Ecuador,Sucumbios,Sacha Lodge,Camargo,NA,"Hibbs, P"
GBIF_56,1,"Aparatrigona impunctata (Ducke, 1916)",-0.470556,-76.459722,1092733522,PRESERVED_SPECIMEN,1994-03-04T00:00:00Z,1994,Ecuador,Sucumbios,Sacha Lodge,Camargo,NA,"Hibbs, P"
GBIF_57,1,"Aparatrigona impunctata (Ducke, 1916)",-0.470556,-76.459722,1092733525,PRESERVED_SPECIMEN,1994-03-04T00:00:00Z,1994,Ecuador,Sucumbios,Sacha Lodge,Camargo,NA,"Hibbs, P"
GBIF_58,1,"Aparatrigona impunctata (Ducke, 1916)",-0.470556,-76.459722,1092733540,PRESERVED_SPECIMEN,1994-03-04T00:00:00Z,1994,Ecuador,Sucumbios,Sacha Lodge,Camargo,NA,"Hibbs, P"
GBIF_59,1,"Aparatrigona impunctata (Ducke, 1916)",-0.470556,-76.459722,1092733541,PRESERVED_SPECIMEN,1994-03-04T00:00:00Z,1994,Ecuador,Sucumbios,Sacha Lodge,Camargo,NA,"Hibbs, P"
GBIF_60,1,"Aparatrigona impunctata (Ducke, 1916)",-0.470556,-76.459722,1092733520,PRESERVED_SPECIMEN,1994-03-04T00:00:00Z,1994,Ecuador,Sucumbios,Sacha Lodge,Camargo,NA,"Hibbs, P"
GBIF_61,1,"Aparatrigona impunctata (Ducke, 1916)",-12.53714,-69.02298,1092733537,PRESERVED_SPECIMEN,1990-02-22T00:00:00Z,1990,Peru,Madre de Dios,"Puerto Maldonado, 15 km NE",Camargo,500,"Coloma, Luis"
GBIF_62,1,"Aparatrigona impunctata (Ducke, 1916)",-3.066667,-59.983333,1065778640,PRESERVED_SPECIMEN,1989-09-23T00:00:00Z,1989,Brazil,Amazonas,NÃO INFORMADO,NA,NA,Renner
GBIF_63,1,"Aparatrigona impunctata (Ducke, 1916)",3.4,-61.7,1065778635,PRESERVED_SPECIMEN,1987-11-21T00:00:00Z,1987,Brazil,Roraima,"Rio Uraricoera, Ilha de Maracá",NA,NA,"Rafael, José; et al."
GBIF_64,1,"Aparatrigona impunctata (Ducke, 1916)",-3.066667,-59.983333,1065778668,PRESERVED_SPECIMEN,1981-06-18T00:00:00Z,1981,Brazil,Amazonas,NÃO INFORMADO,NA,NA,Renner
GBIF_65,1,"Aparatrigona impunctata (Ducke, 1916)",-3.066667,-59.983333,1065778662,PRESERVED_SPECIMEN,1981-11-05T00:00:00Z,1981,Brazil,Amazonas,NÃO INFORMADO,NA,NA,Renner
GBIF_66,1,"Aparatrigona impunctata (Ducke, 1916)",-3.066667,-59.983333,1065778655,PRESERVED_SPECIMEN,1980-11-10T00:00:00Z,1980,Brazil,Amazonas,NÃO INFORMADO,NA,NA,Renner
GBIF_67,1,"Aparatrigona impunctata (Ducke, 1916)",-3.066667,-59.983333,1065778647,PRESERVED_SPECIMEN,1980-11-08T00:00:00Z,1980,Brazil,Amazonas,NÃO INFORMADO,NA,NA,Renner
GBIF_68,1,"Aparatrigona impunctata (Ducke, 1916)",4.50857,-52.33333,1092733559,PRESERVED_SPECIMEN,1977-02-23T00:00:00Z,1977,French Guiana,NA,"Cayenne, 47 km S",Camargo,9444,"Michener, Winston & Otis"
GBIF_69,1,"Aparatrigona impunctata (Ducke, 1916)",5.2139,-52.71416,1092733478,PRESERVED_SPECIMEN,1977-03-02T00:00:00Z,1977,French Guiana,NA,"Kourou, 10 km NW",Camargo,NA,"Michener, Charles"
GBIF_70,1,"Aparatrigona impunctata (Ducke, 1916)",5.2139,-52.71416,1092733475,PRESERVED_SPECIMEN,1977-03-02T00:00:00Z,1977,French Guiana,NA,"Kourou, 10 km NW",Camargo,NA,"Michener, Charles"
GBIF_71,1,"Aparatrigona impunctata (Ducke, 1916)",5.2139,-52.71416,1092733476,PRESERVED_SPECIMEN,1977-03-02T00:00:00Z,1977,French Guiana,NA,"Kourou, 10 km NW",Camargo,NA,"Michener, Charles"
GBIF_72,1,"Aparatrigona impunctata (Ducke, 1916)",5.2139,-52.71416,1092733497,PRESERVED_SPECIMEN,1977-03-02T00:00:00Z,1977,French Guiana,NA,"Kourou, 10 km NW",Camargo,NA,"Michener, Charles"
GBIF_73,1,"Aparatrigona impunctata (Ducke, 1916)",5.2139,-52.71416,1092733503,PRESERVED_SPECIMEN,1977-03-02T00:00:00Z,1977,French Guiana,NA,"Kourou, 10 km NW",Camargo,NA,"Michener, Charles"
GBIF_74,1,"Aparatrigona impunctata (Ducke, 1916)",5.2139,-52.71416,1092733449,PRESERVED_SPECIMEN,1977-03-02T00:00:00Z,1977,French Guiana,NA,"Kourou, 10 km NW",Camargo,NA,"Michener, Charles"
GBIF_75,1,"Aparatrigona impunctata (Ducke, 1916)",5.2139,-52.71416,1092733512,PRESERVED_SPECIMEN,1977-03-02T00:00:00Z,1977,French Guiana,NA,"Kourou, 10 km NW",Camargo,NA,"Michener, Charles"
GBIF_76,1,"Aparatrigona impunctata (Ducke, 1916)",5.2139,-52.71416,1092733467,PRESERVED_SPECIMEN,1977-03-02T00:00:00Z,1977,French Guiana,NA,"Kourou, 10 km NW",Camargo,NA,"Michener, Charles"
GBIF_77,1,"Aparatrigona impunctata (Ducke, 1916)",5.2139,-52.71416,1092733496,PRESERVED_SPECIMEN,1977-03-02T00:00:00Z,1977,French Guiana,NA,"Kourou, 10 km NW",Camargo,NA,"Michener, Charles"
GBIF_78,1,"Aparatrigona impunctata (Ducke, 1916)",5.2139,-52.71416,1092733492,PRESERVED_SPECIMEN,1977-03-02T00:00:00Z,1977,French Guiana,NA,"Kourou, 10 km NW",Camargo,NA,"Michener, Charles"
GBIF_79,1,"Aparatrigona impunctata (Ducke, 1916)",5.2139,-52.71416,1092733504,PRESERVED_SPECIMEN,1977-03-02T00:00:00Z,1977,French Guiana,NA,"Kourou, 10 km NW",Camargo,NA,"Michener, Charles"
GBIF_80,1,"Aparatrigona impunctata (Ducke, 1916)",5.2139,-52.71416,1092733483,PRESERVED_SPECIMEN,1977-03-02T00:00:00Z,1977,French Guiana,NA,"Kourou, 10 km NW",Camargo,NA,"Michener, Charles"
GBIF_81,1,"Aparatrigona impunctata (Ducke, 1916)",5.2139,-52.71416,1092733458,PRESERVED_SPECIMEN,1977-03-02T00:00:00Z,1977,French Guiana,NA,"Kourou, 10 km NW",Camargo,NA,"Michener, Charles"
GBIF_82,1,"Aparatrigona impunctata (Ducke, 1916)",5.2139,-52.71416,1092733511,PRESERVED_SPECIMEN,1977-03-02T00:00:00Z,1977,French Guiana,NA,"Kourou, 10 km NW",Camargo,NA,"Michener, Charles"
GBIF_83,1,"Aparatrigona impunctata (Ducke, 1916)",5.2139,-52.71416,1092733502,PRESERVED_SPECIMEN,1977-03-02T00:00:00Z,1977,French Guiana,NA,"Kourou, 10 km NW",Camargo,NA,"Michener, Charles"
GBIF_84,1,"Aparatrigona impunctata (Ducke, 1916)",5.2139,-52.71416,1092733479,PRESERVED_SPECIMEN,1977-03-02T00:00:00Z,1977,French Guiana,NA,"Kourou, 10 km NW",Camargo,NA,"Michener, Charles"
GBIF_85,1,"Aparatrigona impunctata (Ducke, 1916)",5.2139,-52.71416,1092733494,PRESERVED_SPECIMEN,1977-03-02T00:00:00Z,1977,French Guiana,NA,"Kourou, 10 km NW",Camargo,NA,"Michener, Charles"
GBIF_86,1,"Aparatrigona impunctata (Ducke, 1916)",5.2139,-52.71416,1092733481,PRESERVED_SPECIMEN,1977-03-02T00:00:00Z,1977,French Guiana,NA,"Kourou, 10 km NW",Camargo,NA,"Michener, Charles"
GBIF_87,1,"Aparatrigona impunctata (Ducke, 1916)",5.2139,-52.71416,1092733513,PRESERVED_SPECIMEN,1977-03-02T00:00:00Z,1977,French Guiana,NA,"Kourou, 10 km NW",Camargo,NA,"Michener, Charles"
GBIF_88,1,"Aparatrigona impunctata (Ducke, 1916)",5.2139,-52.71416,1092733499,PRESERVED_SPECIMEN,1977-03-02T00:00:00Z,1977,French Guiana,NA,"Kourou, 10 km NW",Camargo,NA,"Michener, Charles"
GBIF_89,1,"Aparatrigona impunctata (Ducke, 1916)",5.2139,-52.71416,1092733489,PRESERVED_SPECIMEN,1977-03-02T00:00:00Z,1977,French Guiana,NA,"Kourou, 10 km NW",Camargo,NA,"Michener, Charles"
GBIF_90,1,"Aparatrigona impunctata (Ducke, 1916)",5.2139,-52.71416,1092733455,PRESERVED_SPECIMEN,1977-03-02T00:00:00Z,1977,French Guiana,NA,"Kourou, 10 km NW",Camargo,NA,"Michener, Charles"
GBIF_91,1,"Aparatrigona impunctata (Ducke, 1916)",5.2139,-52.71416,1092733485,PRESERVED_SPECIMEN,1977-03-02T00:00:00Z,1977,French Guiana,NA,"Kourou, 10 km NW",Camargo,NA,"Michener, Charles"
GBIF_92,1,"Aparatrigona impunctata (Ducke, 1916)",5.2139,-52.71416,1092733488,PRESERVED_SPECIMEN,1977-03-02T00:00:00Z,1977,French Guiana,NA,"Kourou, 10 km NW",Camargo,NA,"Michener, Charles"
GBIF_93,1,"Aparatrigona impunctata (Ducke, 1916)",5.2139,-52.71416,1092733490,PRESERVED_SPECIMEN,1977-03-02T00:00:00Z,1977,French Guiana,NA,"Kourou, 10 km NW",Camargo,NA,"Michener, Charles"
GBIF_94,1,"Aparatrigona impunctata (Ducke, 1916)",5.2139,-52.71416,1092733474,PRESERVED_SPECIMEN,1977-03-02T00:00:00Z,1977,French Guiana,NA,"Kourou, 10 km NW",Camargo,NA,"Michener, Charles"
GBIF_95,1,"Aparatrigona impunctata (Ducke, 1916)",5.2139,-52.71416,1092733472,PRESERVED_SPECIMEN,1977-03-02T00:00:00Z,1977,French Guiana,NA,"Kourou, 10 km NW",Camargo,NA,"Michener, Charles"
GBIF_96,1,"Aparatrigona impunctata (Ducke, 1916)",5.2139,-52.71416,1092733480,PRESERVED_SPECIMEN,1977-03-02T00:00:00Z,1977,French Guiana,NA,"Kourou, 10 km NW",Camargo,NA,"Michener, Charles"
GBIF_97,1,"Aparatrigona impunctata (Ducke, 1916)",5.2139,-52.71416,1092733493,PRESERVED_SPECIMEN,1977-03-02T00:00:00Z,1977,French Guiana,NA,"Kourou, 10 km NW",Camargo,NA,"Michener, Charles"
GBIF_98,1,"Aparatrigona impunctata (Ducke, 1916)",5.2139,-52.71416,1092733484,PRESERVED_SPECIMEN,1977-03-02T00:00:00Z,1977,French Guiana,NA,"Kourou, 10 km NW",Camargo,NA,"Michener, Charles"
GBIF_99,1,"Aparatrigona impunctata (Ducke, 1916)",5.2139,-52.71416,1092733471,PRESERVED_SPECIMEN,1977-03-02T00:00:00Z,1977,French Guiana,NA,"Kourou, 10 km NW",Camargo,NA,"Michener, Charles"
GBIF_100,1,"Aparatrigona impunctata (Ducke, 1916)",5.2139,-52.71416,1092733491,PRESERVED_SPECIMEN,1977-03-02T00:00:00Z,1977,French Guiana,NA,"Kourou, 10 km NW",Camargo,NA,"Michener, Charles"
GBIF_101,1,"Aparatrigona impunctata (Ducke, 1916)",5.2139,-52.71416,1092733500,PRESERVED_SPECIMEN,1977-03-02T00:00:00Z,1977,French Guiana,NA,"Kourou, 10 km NW",Camargo,NA,"Michener, Charles"
GBIF_102,1,"Aparatrigona impunctata (Ducke, 1916)",5.2139,-52.71416,1092733514,PRESERVED_SPECIMEN,1977-03-02T00:00:00Z,1977,French Guiana,NA,"Kourou, 10 km NW",Camargo,NA,"Michener, Charles"
GBIF_103,1,"Aparatrigona impunctata (Ducke, 1916)",5.2139,-52.71416,1092733482,PRESERVED_SPECIMEN,1977-03-02T00:00:00Z,1977,French Guiana,NA,"Kourou, 10 km NW",Camargo,NA,"Michener, Charles"
GBIF_104,1,"Aparatrigona impunctata (Ducke, 1916)",5.2139,-52.71416,1092733486,PRESERVED_SPECIMEN,1977-03-02T00:00:00Z,1977,French Guiana,NA,"Kourou, 10 km NW",Camargo,NA,"Michener, Charles"
GBIF_105,1,"Aparatrigona impunctata (Ducke, 1916)",5.04775,-52.75266,1092733564,PRESERVED_SPECIMEN,1977-04-21T00:00:00Z,1977,French Guiana,NA,"Kourou, 16 km SW",Camargo,3996,"Roubik, David"
GBIF_106,1,"Aparatrigona impunctata (Ducke, 1916)",5.04775,-52.75266,1092733544,PRESERVED_SPECIMEN,1977-04-13T00:00:00Z,1977,French Guiana,NA,"Kourou, 16 km SW",Camargo,3996,"Roubik, David"
GBIF_107,1,"Aparatrigona impunctata (Ducke, 1916)",4.93333,-52.33333,1092733552,PRESERVED_SPECIMEN,1977-04-01T00:00:00Z,1977,French Guiana,NA,Cayenne,Camargo,301,"Roubik, David"
GBIF_108,1,"Aparatrigona impunctata (Ducke, 1916)",5.08609,-52.71416,1092733548,PRESERVED_SPECIMEN,1977-06-07T00:00:00Z,1977,French Guiana,NA,"Kourou, 10 km SW",Camargo,3299,"Roubik, David"
GBIF_109,1,"Aparatrigona impunctata (Ducke, 1916)",5.08609,-52.71416,1092733534,PRESERVED_SPECIMEN,1977-06-07T00:00:00Z,1977,French Guiana,NA,"Kourou, 10 km SW",Camargo,3299,"Roubik, David"
GBIF_110,1,"Aparatrigona impunctata (Ducke, 1916)",-3,-65,1949741880,PRESERVED_SPECIMEN,1961-12-01T00:00:00Z,1961,Brazil,Amazonas,"""Tefé""",Moure,NA,F.M.Oliveira
GBIF_111,1,"Aparatrigona impunctata (Ducke, 1916)",-3,-65,1949741860,PRESERVED_SPECIMEN,1961-12-01T00:00:00Z,1961,Brazil,Amazonas,"""Tefé""",Camargo,NA,F.M.Oliveira
GBIF_112,1,"Aparatrigona impunctata (Ducke, 1916)",-12.75,-59.8,1092733542,PRESERVED_SPECIMEN,1960-11-01T00:00:00Z,1960,Brazil,Mato Grosso,Nhambiquaras,Camargo,3036,"Alvarenga, Moacir"
GBIF_113,1,"Aparatrigona impunctata (Ducke, 1916)",-12.75,-59.8,1092733570,PRESERVED_SPECIMEN,1960-11-01T00:00:00Z,1960,Brazil,Mato Grosso,Nhambiquaras,Camargo,3036,"Alvarenga, Moacir"
GBIF_114,1,"Aparatrigona impunctata (Ducke, 1916)",-12.75,-59.8,1092733555,PRESERVED_SPECIMEN,1960-11-01T00:00:00Z,1960,Brazil,Mato Grosso,Nhambiquaras,Camargo,3036,"Alvarenga, Moacir"
GBIF_115,1,"Aparatrigona impunctata (Ducke, 1916)",3.83333,-51.83333,1092733549,PRESERVED_SPECIMEN,1959-05-01T00:00:00Z,1959,Brazil,Amapa,Oiapoque,Camargo,3036,"Alvarenga, Moacir"
GBIF_116,1,"Aparatrigona impunctata (Ducke, 1916)",3.83333,-51.83333,1092733547,PRESERVED_SPECIMEN,1959-05-01T00:00:00Z,1959,Brazil,Amapa,Oiapoque,Camargo,3036,"Alvarenga, Moacir"
GBIF_117,1,"Aparatrigona impunctata (Ducke, 1916)",3.83333,-51.83333,1092733523,PRESERVED_SPECIMEN,1959-05-01T00:00:00Z,1959,Brazil,Amapa,Oiapoque,Camargo,3036,"Alvarenga, Moacir"
GBIF_118,1,"Aparatrigona impunctata (Ducke, 1916)",3.83333,-51.83333,1092733524,PRESERVED_SPECIMEN,1959-05-01T00:00:00Z,1959,Brazil,Amapa,Oiapoque,Camargo,3036,"Alvarenga, Moacir"
GBIF_119,1,"Aparatrigona impunctata (Ducke, 1916)",3.83333,-51.83333,1092733530,PRESERVED_SPECIMEN,1959-05-01T00:00:00Z,1959,Brazil,Amapa,Oiapoque,Camargo,3036,"Alvarenga, Moacir"
GBIF_120,1,"Aparatrigona impunctata (Ducke, 1916)",3.83333,-51.83333,1092733553,PRESERVED_SPECIMEN,1959-05-01T00:00:00Z,1959,Brazil,Amapa,Oiapoque,Camargo,3036,"Alvarenga, Moacir"
GBIF_121,1,"Aparatrigona impunctata (Ducke, 1916)",3.83333,-51.83333,1092733546,PRESERVED_SPECIMEN,1959-05-01T00:00:00Z,1959,Brazil,Amapa,Oiapoque,Camargo,3036,"Alvarenga, Moacir"
GBIF_122,1,"Aparatrigona impunctata (Ducke, 1916)",-8.76667,-63.9,1092733545,PRESERVED_SPECIMEN,1954-12-01T00:00:00Z,1954,Brazil,Rondonia,Porto Velho,Camargo,301,"Alvarenga, Moacir"
GBIF_123,1,"Aparatrigona impunctata (Ducke, 1916)",3.92404,-53.23477,3935133983,HUMAN_OBSERVATION,NA,NA,French Guiana,NA,NA,NA,201367,NA
GBIF_124,1,"Aparatrigona impunctata (Ducke, 1916)",3.92404,-53.23477,4050592328,HUMAN_OBSERVATION,NA,NA,French Guiana,NA,NA,NA,201367,NA
GBIF_125,1,"Aparatrigona impunctata (Ducke, 1916)",3.92404,-53.23477,3846955046,HUMAN_OBSERVATION,NA,NA,French Guiana,NA,NA,NA,201367,NA
GBIF_126,1,"Aparatrigona impunctata (Ducke, 1916)",4.610556,-52.223611,1949737196,PRESERVED_SPECIMEN,NA,NA,French Guiana,Cayenne,"14 Km SSE, 240m altitude",Camargo,NA,"J.Ashe, R.Brooks"
GBIF_127,1,"Aparatrigona impunctata (Ducke, 1916)",3.661944,-53.219167,1949737289,PRESERVED_SPECIMEN,NA,NA,French Guiana,Saint-Laurent-du-Maroni,NA,Camargo,NA,"J.Ashe, R.Brooks"
GBIF_128,1,"Aparatrigona impunctata (Ducke, 1916)",-2.55,-57.966667,1949777814,PRESERVED_SPECIMEN,NA,NA,Brazil,Amazonas,"Igarapé Maripá, 10Km W de São Sebastião",Camargo,NA,Camargo
GBIF_129,1,"Aparatrigona impunctata (Ducke, 1916)",-2.55,-57.966667,1949778091,PRESERVED_SPECIMEN,NA,NA,Brazil,Amazonas,"Igarapé Maripá, 10Km W de São Sebastião",Camargo,NA,Camargo
GBIF_130,1,"Aparatrigona impunctata (Ducke, 1916)",-2.55,-57.966667,1949778070,PRESERVED_SPECIMEN,NA,NA,Brazil,Amazonas,"Igarapé Maripá, 10Km W de São Sebastião",Camargo,NA,Camargo
GBIF_131,1,"Aparatrigona impunctata (Ducke, 1916)",-2.55,-57.966667,1949778215,PRESERVED_SPECIMEN,NA,NA,Brazil,Amazonas,"Igarapé Maripá, 10Km W de São Sebastião",Camargo,NA,Camargo
GBIF_132,1,"Aparatrigona impunctata (Ducke, 1916)",-2.55,-57.966667,1949777818,PRESERVED_SPECIMEN,NA,NA,Brazil,Amazonas,"Igarapé Maripá, 10Km W de São Sebastião",Camargo,NA,Camargo
GBIF_133,1,"Aparatrigona impunctata (Ducke, 1916)",-2.55,-57.966667,1949777826,PRESERVED_SPECIMEN,NA,NA,Brazil,Amazonas,"Igarapé Maripá, 10Km W de São Sebastião",Camargo,NA,Camargo
GBIF_134,1,"Aparatrigona impunctata (Ducke, 1916)",-2.55,-57.966667,1949778068,PRESERVED_SPECIMEN,NA,NA,Brazil,Amazonas,"Igarapé Maripá, 10Km W de São Sebastião",Camargo,NA,Camargo
GBIF_135,1,"Aparatrigona impunctata (Ducke, 1916)",-2.55,-57.966667,1949778235,PRESERVED_SPECIMEN,NA,NA,Brazil,Amazonas,"Igarapé Maripá, 10Km W de São Sebastião",Camargo,NA,Camargo
GBIF_136,1,"Aparatrigona impunctata (Ducke, 1916)",-2.55,-57.966667,1949778255,PRESERVED_SPECIMEN,NA,NA,Brazil,Amazonas,"Igarapé Maripá, 10Km W de São Sebastião",Camargo,NA,Camargo
GBIF_137,1,"Aparatrigona impunctata (Ducke, 1916)",-2.55,-57.966667,1949778206,PRESERVED_SPECIMEN,NA,NA,Brazil,Amazonas,"Igarapé Maripá, 10Km W de São Sebastião",Camargo,NA,Camargo
GBIF_138,1,"Aparatrigona impunctata (Ducke, 1916)",-2.55,-57.966667,1949777896,PRESERVED_SPECIMEN,NA,NA,Brazil,Amazonas,"Igarapé Maripá, 10Km W de São Sebastião",Camargo,NA,Camargo
GBIF_139,1,"Aparatrigona impunctata (Ducke, 1916)",-2.55,-57.966667,1949778250,PRESERVED_SPECIMEN,NA,NA,Brazil,Amazonas,"Igarapé Maripá, 10Km W de São Sebastião",Camargo,NA,Camargo
GBIF_140,1,"Aparatrigona impunctata (Ducke, 1916)",-2.55,-57.966667,1949777835,PRESERVED_SPECIMEN,NA,NA,Brazil,Amazonas,"Igarapé Maripá, 10Km W de São Sebastião",Camargo,NA,Camargo
GBIF_141,1,"Aparatrigona impunctata (Ducke, 1916)",-2.55,-57.966667,1949777864,PRESERVED_SPECIMEN,NA,NA,Brazil,Amazonas,"Igarapé Maripá, 10Km W de São Sebastião",Camargo,NA,Camargo
GBIF_142,1,"Aparatrigona impunctata (Ducke, 1916)",-2.55,-57.966667,1949777839,PRESERVED_SPECIMEN,NA,NA,Brazil,Amazonas,"Igarapé Maripá, 10Km W de São Sebastião",Camargo,NA,Camargo
GBIF_143,1,"Aparatrigona impunctata (Ducke, 1916)",-2.55,-57.966667,1949777823,PRESERVED_SPECIMEN,NA,NA,Brazil,Amazonas,"Igarapé Maripá, 10Km W de São Sebastião",Camargo,NA,Camargo
GBIF_144,1,"Aparatrigona impunctata (Ducke, 1916)",-2.55,-57.966667,1949777688,PRESERVED_SPECIMEN,NA,NA,Brazil,Amazonas,"Igarapé Maripá, 10Km W de São Sebastião",Camargo,NA,Camargo
GBIF_145,1,"Aparatrigona impunctata (Ducke, 1916)",-2.55,-57.966667,1949777884,PRESERVED_SPECIMEN,NA,NA,Brazil,Amazonas,"Igarapé Maripá, 10Km W de São Sebastião",Camargo,NA,Camargo
GBIF_146,1,"Aparatrigona impunctata (Ducke, 1916)",-2.55,-57.966667,1949778097,PRESERVED_SPECIMEN,NA,NA,Brazil,Amazonas,"Igarapé Maripá, 10Km W de São Sebastião",Camargo,NA,Camargo
GBIF_147,1,"Aparatrigona impunctata (Ducke, 1916)",-2.55,-57.966667,1949777856,PRESERVED_SPECIMEN,NA,NA,Brazil,Amazonas,"Igarapé Maripá, 10Km W de São Sebastião",Camargo,NA,Camargo
GBIF_148,1,"Aparatrigona impunctata (Ducke, 1916)",-2.55,-57.966667,1949778277,PRESERVED_SPECIMEN,NA,NA,Brazil,Amazonas,"Igarapé Maripá, 10Km W de São Sebastião",Camargo,NA,Camargo
GBIF_149,1,"Aparatrigona impunctata (Ducke, 1916)",-2.55,-57.966667,1949778236,PRESERVED_SPECIMEN,NA,NA,Brazil,Amazonas,"Igarapé Maripá, 10Km W de São Sebastião",Camargo,NA,Camargo
GBIF_150,1,"Aparatrigona impunctata (Ducke, 1916)",-2.55,-57.966667,1949777820,PRESERVED_SPECIMEN,NA,NA,Brazil,Amazonas,"Igarapé Maripá, 10Km W de São Sebastião",Camargo,NA,Camargo
GBIF_151,1,"Aparatrigona impunctata (Ducke, 1916)",-2.55,-57.966667,1949778244,PRESERVED_SPECIMEN,NA,NA,Brazil,Amazonas,"Igarapé Maripá, 10Km W de São Sebastião",Camargo,NA,Camargo
GBIF_152,1,"Aparatrigona impunctata (Ducke, 1916)",-2.55,-57.966667,1949778218,PRESERVED_SPECIMEN,NA,NA,Brazil,Amazonas,"Igarapé Maripá, 10Km W de São Sebastião",Camargo,NA,Camargo
GBIF_153,1,"Aparatrigona impunctata (Ducke, 1916)",-2.55,-57.966667,1949778281,PRESERVED_SPECIMEN,NA,NA,Brazil,Amazonas,"Igarapé Maripá, 10Km W de São Sebastião",Camargo,NA,Camargo
GBIF_154,1,"Aparatrigona impunctata (Ducke, 1916)",-2.55,-57.966667,1949777882,PRESERVED_SPECIMEN,NA,NA,Brazil,Amazonas,"Igarapé Maripá, 10Km W de São Sebastião",Camargo,NA,Camargo
GBIF_155,1,"Aparatrigona impunctata (Ducke, 1916)",-2.55,-57.966667,1949777811,PRESERVED_SPECIMEN,NA,NA,Brazil,Amazonas,"Igarapé Maripá, 10Km W de São Sebastião",Camargo,NA,Camargo
GBIF_156,1,"Aparatrigona impunctata (Ducke, 1916)",-2.55,-57.966667,1949777841,PRESERVED_SPECIMEN,NA,NA,Brazil,Amazonas,"Igarapé Maripá, 10Km W de São Sebastião",Camargo,NA,Camargo
GBIF_157,1,"Aparatrigona impunctata (Ducke, 1916)",-2.55,-57.966667,1949778095,PRESERVED_SPECIMEN,NA,NA,Brazil,Amazonas,"Igarapé Maripá, 10Km W de São Sebastião",Camargo,NA,Camargo
GBIF_158,1,"Aparatrigona impunctata (Ducke, 1916)",-2.55,-57.966667,1949778238,PRESERVED_SPECIMEN,NA,NA,Brazil,Amazonas,"Igarapé Maripá, 10Km W de São Sebastião",Camargo,NA,Camargo
GBIF_159,1,"Aparatrigona impunctata (Ducke, 1916)",-2.55,-57.966667,1949778280,PRESERVED_SPECIMEN,NA,NA,Brazil,Amazonas,"Igarapé Maripá, 10Km W de São Sebastião",Camargo,NA,Camargo
GBIF_160,1,"Aparatrigona impunctata (Ducke, 1916)",-2.55,-57.966667,1949777879,PRESERVED_SPECIMEN,NA,NA,Brazil,Amazonas,"Igarapé Maripá, 10Km W de São Sebastião",Camargo,NA,Camargo
GBIF_161,1,"Aparatrigona impunctata (Ducke, 1916)",-2.55,-57.966667,1949778402,PRESERVED_SPECIMEN,NA,NA,Brazil,Amazonas,"Igarapé Maripá, 10Km W de São Sebastião",Camargo,NA,Camargo
GBIF_162,1,"Aparatrigona impunctata (Ducke, 1916)",-2.55,-57.966667,1949778220,PRESERVED_SPECIMEN,NA,NA,Brazil,Amazonas,"Igarapé Maripá, 10Km W de São Sebastião",Camargo,NA,Camargo
GBIF_163,1,"Aparatrigona impunctata (Ducke, 1916)",-2.55,-57.966667,1949778226,PRESERVED_SPECIMEN,NA,NA,Brazil,Amazonas,"Igarapé Maripá, 10Km W de São Sebastião",Camargo,NA,Camargo
GBIF_164,1,"Aparatrigona impunctata (Ducke, 1916)",-2.55,-57.966667,1949778249,PRESERVED_SPECIMEN,NA,NA,Brazil,Amazonas,"Igarapé Maripá, 10Km W de São Sebastião",Camargo,NA,Camargo
GBIF_165,1,"Aparatrigona impunctata (Ducke, 1916)",-2.55,-57.966667,1949777847,PRESERVED_SPECIMEN,NA,NA,Brazil,Amazonas,"Igarapé Maripá, 10Km W de São Sebastião",Camargo,NA,Camargo
GBIF_166,1,"Aparatrigona impunctata (Ducke, 1916)",-2.55,-57.966667,1949778237,PRESERVED_SPECIMEN,NA,NA,Brazil,Amazonas,"Igarapé Maripá, Rio Uatumã",Camargo,NA,Camargo
GBIF_167,1,"Aparatrigona impunctata (Ducke, 1916)",-2.55,-57.966667,1949777867,PRESERVED_SPECIMEN,NA,NA,Brazil,Amazonas,"Igarapé Maripá, Rio Uatumã",Camargo,NA,Camargo
GBIF_168,1,"Aparatrigona impunctata (Ducke, 1916)",-5.00825,-67.26625,1949789798,PRESERVED_SPECIMEN,NA,NA,Brazil,Amazonas,Rio Juruá,Camargo,NA,"Camargo, Pedro, Mazucato"
GBIF_169,1,"Aparatrigona impunctata (Ducke, 1916)",-5.00825,-67.26625,1949789759,PRESERVED_SPECIMEN,NA,NA,Brazil,Amazonas,Rio Juruá,Camargo,NA,"Camargo, Pedro, Mazucato"
GBIF_170,1,"Aparatrigona impunctata (Ducke, 1916)",-5.00825,-67.26625,1949789898,PRESERVED_SPECIMEN,NA,NA,Brazil,Amazonas,Rio Juruá,Camargo,NA,"Camargo, Pedro, Mazucato"
GBIF_171,1,"Aparatrigona impunctata (Ducke, 1916)",-5.00825,-67.26625,1949789884,PRESERVED_SPECIMEN,NA,NA,Brazil,Amazonas,Rio Juruá,Camargo,NA,"Camargo, Pedro, Mazucato"
GBIF_172,1,"Aparatrigona impunctata (Ducke, 1916)",-5.00825,-67.26625,1949790006,PRESERVED_SPECIMEN,NA,NA,Brazil,Amazonas,Rio Juruá,Camargo,NA,"Camargo, Pedro, Mazucato"
GBIF_173,1,"Aparatrigona impunctata (Ducke, 1916)",-5.00825,-67.26625,1949790019,PRESERVED_SPECIMEN,NA,NA,Brazil,Amazonas,Rio Juruá,Camargo,NA,"Camargo, Pedro, Mazucato"
GBIF_174,1,"Aparatrigona impunctata (Ducke, 1916)",-5.00825,-67.26625,1949790027,PRESERVED_SPECIMEN,NA,NA,Brazil,Amazonas,Rio Juruá,Camargo,NA,"Camargo, Pedro, Mazucato"
GBIF_175,1,"Aparatrigona impunctata (Ducke, 1916)",-5.00825,-67.26625,1949789826,PRESERVED_SPECIMEN,NA,NA,Brazil,Amazonas,Rio Juruá,Camargo,NA,"Camargo, Pedro, Mazucato"
GBIF_176,1,"Aparatrigona impunctata (Ducke, 1916)",-5.00825,-67.26625,1949790038,PRESERVED_SPECIMEN,NA,NA,Brazil,Amazonas,Rio Juruá,Camargo,NA,"Camargo, Pedro, Mazucato"
GBIF_177,1,"Aparatrigona impunctata (Ducke, 1916)",-5.00825,-67.26625,1949789893,PRESERVED_SPECIMEN,NA,NA,Brazil,Amazonas,Rio Juruá,Camargo,NA,"Camargo, Pedro, Mazucato"
GBIF_178,1,"Aparatrigona impunctata (Ducke, 1916)",-5.00825,-67.26625,1949790044,PRESERVED_SPECIMEN,NA,NA,Brazil,Amazonas,Rio Juruá,Camargo,NA,"Camargo, Pedro, Mazucato"
GBIF_179,1,"Aparatrigona impunctata (Ducke, 1916)",-5.00825,-67.26625,1949789895,PRESERVED_SPECIMEN,NA,NA,Brazil,Amazonas,Rio Juruá,Camargo,NA,"Camargo, Pedro, Mazucato"
GBIF_180,1,"Aparatrigona impunctata (Ducke, 1916)",-5.00825,-67.26625,1949789896,PRESERVED_SPECIMEN,NA,NA,Brazil,Amazonas,Rio Juruá,Camargo,NA,"Camargo, Pedro, Mazucato"
GBIF_181,1,"Aparatrigona impunctata (Ducke, 1916)",-5.00825,-67.26625,1949789753,PRESERVED_SPECIMEN,NA,NA,Brazil,Amazonas,Rio Juruá,Camargo,NA,"Camargo, Pedro, Mazucato"
GBIF_182,1,"Aparatrigona impunctata (Ducke, 1916)",-5.00825,-67.26625,1949789760,PRESERVED_SPECIMEN,NA,NA,Brazil,Amazonas,Rio Juruá,Camargo,NA,"Camargo, Pedro, Mazucato"
GBIF_183,1,"Aparatrigona impunctata (Ducke, 1916)",-5.00825,-67.26625,1949789908,PRESERVED_SPECIMEN,NA,NA,Brazil,Amazonas,Rio Juruá,Camargo,NA,"Camargo, Pedro, Mazucato"
GBIF_184,1,"Aparatrigona impunctata (Ducke, 1916)",-5.00825,-67.26625,1949790033,PRESERVED_SPECIMEN,NA,NA,Brazil,Amazonas,Rio Juruá,Camargo,NA,"Camargo, Pedro, Mazucato"
GBIF_185,1,"Aparatrigona impunctata (Ducke, 1916)",-5.00825,-67.26625,1949789872,PRESERVED_SPECIMEN,NA,NA,Brazil,Amazonas,Rio Juruá,Camargo,NA,"Camargo, Pedro, Mazucato"
GBIF_186,1,"Aparatrigona impunctata (Ducke, 1916)",-5.00825,-67.26625,1949789788,PRESERVED_SPECIMEN,NA,NA,Brazil,Amazonas,Rio Juruá,Camargo,NA,"Camargo, Pedro, Mazucato"
GBIF_187,1,"Aparatrigona impunctata (Ducke, 1916)",-5.00825,-67.26625,1949789783,PRESERVED_SPECIMEN,NA,NA,Brazil,Amazonas,Rio Juruá,Camargo,NA,"Camargo, Pedro, Mazucato"
GBIF_188,1,"Aparatrigona impunctata (Ducke, 1916)",-5.00825,-67.26625,1949790063,PRESERVED_SPECIMEN,NA,NA,Brazil,Amazonas,Rio Juruá,Camargo,NA,"Camargo, Pedro, Mazucato"
GBIF_189,1,"Aparatrigona impunctata (Ducke, 1916)",-5.00825,-67.26625,1949790012,PRESERVED_SPECIMEN,NA,NA,Brazil,Amazonas,Rio Juruá,Camargo,NA,"Camargo, Pedro, Mazucato"
GBIF_190,1,"Aparatrigona impunctata (Ducke, 1916)",-5.00825,-67.26625,1949790029,PRESERVED_SPECIMEN,NA,NA,Brazil,Amazonas,Rio Juruá,Camargo,NA,"Camargo, Pedro, Mazucato"
GBIF_191,1,"Aparatrigona impunctata (Ducke, 1916)",-5.00825,-67.26625,1949790050,PRESERVED_SPECIMEN,NA,NA,Brazil,Amazonas,Rio Juruá,Camargo,NA,"Camargo, Pedro, Mazucato"
GBIF_192,1,"Aparatrigona impunctata (Ducke, 1916)",-5.00825,-67.26625,1949790022,PRESERVED_SPECIMEN,NA,NA,Brazil,Amazonas,Rio Juruá,Camargo,NA,"Camargo, Pedro, Mazucato"
GBIF_193,1,"Aparatrigona impunctata (Ducke, 1916)",-5.00825,-67.26625,1949790064,PRESERVED_SPECIMEN,NA,NA,Brazil,Amazonas,Rio Juruá,Camargo,NA,"Camargo, Pedro, Mazucato"
GBIF_194,1,"Aparatrigona impunctata (Ducke, 1916)",-5.00825,-67.26625,1949790214,PRESERVED_SPECIMEN,NA,NA,Brazil,Amazonas,Rio Juruá,Camargo,NA,"Camargo, Pedro, Mazucato"
GBIF_195,1,"Aparatrigona impunctata (Ducke, 1916)",-5.00825,-67.26625,1949789792,PRESERVED_SPECIMEN,NA,NA,Brazil,Amazonas,Rio Juruá,Camargo,NA,"Camargo, Pedro, Mazucato"
GBIF_196,1,"Aparatrigona impunctata (Ducke, 1916)",-5.00825,-67.26625,1949789778,PRESERVED_SPECIMEN,NA,NA,Brazil,Amazonas,Rio Juruá,Camargo,NA,"Camargo, Pedro, Mazucato"
GBIF_197,1,"Aparatrigona impunctata (Ducke, 1916)",-5.00825,-67.26625,1949789914,PRESERVED_SPECIMEN,NA,NA,Brazil,Amazonas,Rio Juruá,Camargo,NA,"Camargo, Pedro, Mazucato"
GBIF_198,1,"Aparatrigona impunctata (Ducke, 1916)",-5.00825,-67.26625,1949789905,PRESERVED_SPECIMEN,NA,NA,Brazil,Amazonas,Rio Juruá,Camargo,NA,"Camargo, Pedro, Mazucato"
GBIF_199,1,"Aparatrigona impunctata (Ducke, 1916)",-5.00825,-67.26625,1949789782,PRESERVED_SPECIMEN,NA,NA,Brazil,Amazonas,Rio Juruá,Camargo,NA,"Camargo, Pedro, Mazucato"
GBIF_200,1,"Aparatrigona impunctata (Ducke, 1916)",-5.00825,-67.26625,1949789800,PRESERVED_SPECIMEN,NA,NA,Brazil,Amazonas,Rio Juruá,Camargo,NA,"Camargo, Pedro, Mazucato"
GBIF_201,1,"Aparatrigona impunctata (Ducke, 1916)",-5.00825,-67.26625,1949789923,PRESERVED_SPECIMEN,NA,NA,Brazil,Amazonas,Rio Juruá,Camargo,NA,"Camargo, Pedro, Mazucato"
GBIF_202,1,"Aparatrigona impunctata (Ducke, 1916)",-5.00825,-67.26625,1949789795,PRESERVED_SPECIMEN,NA,NA,Brazil,Amazonas,Rio Juruá,Camargo,NA,"Camargo, Pedro, Mazucato"
GBIF_203,1,"Aparatrigona impunctata (Ducke, 1916)",-5.00825,-67.26625,1949790020,PRESERVED_SPECIMEN,NA,NA,Brazil,Amazonas,Rio Juruá,Camargo,NA,"Camargo, Pedro, Mazucato"
GBIF_204,1,"Aparatrigona impunctata (Ducke, 1916)",-5.00825,-67.26625,1949789791,PRESERVED_SPECIMEN,NA,NA,Brazil,Amazonas,Rio Juruá,Camargo,NA,"Camargo, Pedro, Mazucato"
GBIF_205,1,"Aparatrigona impunctata (Ducke, 1916)",-5.00825,-67.26625,1949790042,PRESERVED_SPECIMEN,NA,NA,Brazil,Amazonas,Rio Juruá,Camargo,NA,"Camargo, Pedro, Mazucato"
GBIF_206,1,"Aparatrigona impunctata (Ducke, 1916)",-5.00825,-67.26625,1949790041,PRESERVED_SPECIMEN,NA,NA,Brazil,Amazonas,Rio Juruá,Camargo,NA,"Camargo, Pedro, Mazucato"
GBIF_207,1,"Aparatrigona impunctata (Ducke, 1916)",-5.00825,-67.26625,1949790058,PRESERVED_SPECIMEN,NA,NA,Brazil,Amazonas,Rio Juruá,Camargo,NA,"Camargo, Pedro, Mazucato"
GBIF_208,1,"Aparatrigona impunctata (Ducke, 1916)",-5.00825,-67.26625,1949789889,PRESERVED_SPECIMEN,NA,NA,Brazil,Amazonas,Rio Juruá,Camargo,NA,"Camargo, Pedro, Mazucato"
GBIF_209,1,"Aparatrigona impunctata (Ducke, 1916)",-5.00825,-67.26625,1949789786,PRESERVED_SPECIMEN,NA,NA,Brazil,Amazonas,Rio Juruá,Camargo,NA,"Camargo, Pedro, Mazucato"
GBIF_210,1,"Aparatrigona impunctata (Ducke, 1916)",-5.00825,-67.26625,1949790046,PRESERVED_SPECIMEN,NA,NA,Brazil,Amazonas,Rio Juruá,Camargo,NA,"Camargo, Pedro, Mazucato"
GBIF_211,1,"Aparatrigona impunctata (Ducke, 1916)",-5.00825,-67.26625,1949790025,PRESERVED_SPECIMEN,NA,NA,Brazil,Amazonas,Rio Juruá,Camargo,NA,"Camargo, Pedro, Mazucato"
GBIF_212,1,"Aparatrigona impunctata (Ducke, 1916)",-5.00825,-67.26625,1949789934,PRESERVED_SPECIMEN,NA,NA,Brazil,Amazonas,Rio Juruá,Camargo,NA,"Camargo, Pedro, Mazucato"
GBIF_213,1,"Aparatrigona impunctata (Ducke, 1916)",-5.00825,-67.26625,1949789901,PRESERVED_SPECIMEN,NA,NA,Brazil,Amazonas,Rio Juruá,Camargo,NA,"Camargo, Pedro, Mazucato"
GBIF_214,1,"Aparatrigona impunctata (Ducke, 1916)",-5.00825,-67.26625,1949790073,PRESERVED_SPECIMEN,NA,NA,Brazil,Amazonas,Rio Juruá,Camargo,NA,"Camargo, Pedro, Mazucato"
GBIF_215,1,"Aparatrigona impunctata (Ducke, 1916)",-5.00825,-67.26625,1949790065,PRESERVED_SPECIMEN,NA,NA,Brazil,Amazonas,Rio Juruá,Camargo,NA,"Camargo, Pedro, Mazucato"
GBIF_216,1,"Aparatrigona impunctata (Ducke, 1916)",-5.00825,-67.26625,1949789857,PRESERVED_SPECIMEN,NA,NA,Brazil,Amazonas,Rio Juruá,Camargo,NA,"Camargo, Pedro, Mazucato"
GBIF_217,1,"Aparatrigona impunctata (Ducke, 1916)",-5.00825,-67.26625,1949789900,PRESERVED_SPECIMEN,NA,NA,Brazil,Amazonas,Rio Juruá,Camargo,NA,"Camargo, Pedro, Mazucato"
GBIF_218,1,"Aparatrigona impunctata (Ducke, 1916)",-5.00825,-67.26625,1949790049,PRESERVED_SPECIMEN,NA,NA,Brazil,Amazonas,Rio Juruá,Camargo,NA,"Camargo, Pedro, Mazucato"
GBIF_219,1,"Aparatrigona impunctata (Ducke, 1916)",-5.00825,-67.26625,1949790013,PRESERVED_SPECIMEN,NA,NA,Brazil,Amazonas,Rio Juruá,Camargo,NA,"Camargo, Pedro, Mazucato"
GBIF_220,1,"Aparatrigona impunctata (Ducke, 1916)",-5.00825,-67.26625,1949790079,PRESERVED_SPECIMEN,NA,NA,Brazil,Amazonas,Rio Juruá,Camargo,NA,"Camargo, Pedro, Mazucato"
GBIF_221,1,"Aparatrigona impunctata (Ducke, 1916)",-5.00825,-67.26625,1949790018,PRESERVED_SPECIMEN,NA,NA,Brazil,Amazonas,Rio Juruá,Camargo,NA,"Camargo, Pedro, Mazucato"
GBIF_222,1,"Aparatrigona impunctata (Ducke, 1916)",-5.00825,-67.26625,1949790057,PRESERVED_SPECIMEN,NA,NA,Brazil,Amazonas,Rio Juruá,Camargo,NA,"Camargo, Pedro, Mazucato"
GBIF_223,1,"Aparatrigona impunctata (Ducke, 1916)",-5.00825,-67.26625,1949790017,PRESERVED_SPECIMEN,NA,NA,Brazil,Amazonas,Rio Juruá,Camargo,NA,"Camargo, Pedro, Mazucato"
GBIF_224,1,"Aparatrigona impunctata (Ducke, 1916)",-5.00825,-67.26625,1949789781,PRESERVED_SPECIMEN,NA,NA,Brazil,Amazonas,Rio Juruá,Camargo,NA,"Camargo, Pedro, Mazucato"
GBIF_225,1,"Aparatrigona impunctata (Ducke, 1916)",-5.00825,-67.26625,1949789924,PRESERVED_SPECIMEN,NA,NA,Brazil,Amazonas,Rio Juruá,Camargo,NA,"Camargo, Pedro, Mazucato"
GBIF_226,1,"Aparatrigona impunctata (Ducke, 1916)",-5.00825,-67.26625,1949790040,PRESERVED_SPECIMEN,NA,NA,Brazil,Amazonas,Rio Juruá,Camargo,NA,"Camargo, Pedro, Mazucato"
GBIF_227,1,"Aparatrigona impunctata (Ducke, 1916)",-5.00825,-67.26625,1949790048,PRESERVED_SPECIMEN,NA,NA,Brazil,Amazonas,Rio Juruá,Camargo,NA,"Camargo, Pedro, Mazucato"
GBIF_228,1,"Aparatrigona impunctata (Ducke, 1916)",-5.00825,-67.26625,1949789799,PRESERVED_SPECIMEN,NA,NA,Brazil,Amazonas,Rio Juruá,Camargo,NA,"Camargo, Pedro, Mazucato"
GBIF_229,1,"Aparatrigona impunctata (Ducke, 1916)",-5.00825,-67.26625,1949789910,PRESERVED_SPECIMEN,NA,NA,Brazil,Amazonas,Rio Juruá,Camargo,NA,"Camargo, Pedro, Mazucato"
GBIF_230,1,"Aparatrigona impunctata (Ducke, 1916)",-5.00825,-67.26625,1949789902,PRESERVED_SPECIMEN,NA,NA,Brazil,Amazonas,Rio Juruá,Camargo,NA,"Camargo, Pedro, Mazucato"
GBIF_231,1,"Aparatrigona impunctata (Ducke, 1916)",-5.00825,-67.26625,1949789772,PRESERVED_SPECIMEN,NA,NA,Brazil,Amazonas,Rio Juruá,Camargo,NA,"Camargo, Pedro, Mazucato"
GBIF_232,1,"Aparatrigona impunctata (Ducke, 1916)",-5.00825,-67.26625,1949789918,PRESERVED_SPECIMEN,NA,NA,Brazil,Amazonas,Rio Juruá,Camargo,NA,"Camargo, Pedro, Mazucato"
GBIF_233,1,"Aparatrigona impunctata (Ducke, 1916)",-5.00825,-67.26625,1949790032,PRESERVED_SPECIMEN,NA,NA,Brazil,Amazonas,Rio Juruá,Camargo,NA,"Camargo, Pedro, Mazucato"
GBIF_234,1,"Aparatrigona impunctata (Ducke, 1916)",-5.00825,-67.26625,1949789777,PRESERVED_SPECIMEN,NA,NA,Brazil,Amazonas,Rio Juruá,Camargo,NA,"Camargo, Pedro, Mazucato"
GBIF_235,1,"Aparatrigona impunctata (Ducke, 1916)",-5.00825,-67.26625,1949789913,PRESERVED_SPECIMEN,NA,NA,Brazil,Amazonas,Rio Juruá,Camargo,NA,"Camargo, Pedro, Mazucato"
GBIF_236,1,"Aparatrigona impunctata (Ducke, 1916)",-5.00825,-67.26625,1949790086,PRESERVED_SPECIMEN,NA,NA,Brazil,Amazonas,Rio Juruá,Camargo,NA,"Camargo, Pedro, Mazucato"
GBIF_237,1,"Aparatrigona impunctata (Ducke, 1916)",-8.257778,-49.264722,1949741373,PRESERVED_SPECIMEN,NA,NA,Brazil,Pará,NA,Camargo,NA,M.Alvarenga
GBIF_238,1,"Aparatrigona impunctata (Ducke, 1916)",3.843056,-51.835,1949741522,PRESERVED_SPECIMEN,NA,NA,Brazil,Amapá,NA,J.S.Moure,NA,M.Alvarenga
GBIF_239,1,"Aparatrigona impunctata (Ducke, 1916)",-3,-60,1949745093,PRESERVED_SPECIMEN,NA,NA,Brazil,Amazonas,NA,Camargo,NA,Virgilio
GBIF_240,1,"Aparatrigona impunctata (Ducke, 1916)",-3,-60,1949744869,PRESERVED_SPECIMEN,NA,NA,Brazil,Amazonas,NA,Camargo,NA,Virgilio
GBIF_241,1,"Aparatrigona impunctata (Ducke, 1916)",-3,-60,1949744877,PRESERVED_SPECIMEN,NA,NA,Brazil,Amazonas,NA,Camargo,NA,Virgilio
GBIF_242,1,"Aparatrigona impunctata (Ducke, 1916)",-3,-60,1949745227,PRESERVED_SPECIMEN,NA,NA,Brazil,Amazonas,NA,Camargo,NA,Virgilio
GBIF_243,1,"Aparatrigona impunctata (Ducke, 1916)",-3,-60,1949745082,PRESERVED_SPECIMEN,NA,NA,Brazil,Amazonas,NA,Camargo,NA,Virgilio
GBIF_244,1,"Aparatrigona impunctata (Ducke, 1916)",-2.55,-57.966667,1949746775,PRESERVED_SPECIMEN,NA,NA,Brazil,Amazonas,"Igarapé Maripá, Rio Uatumã",Camargo,NA,Camargo
GBIF_245,1,"Aparatrigona impunctata (Ducke, 1916)",-1.533333,-56.1,1949747033,PRESERVED_SPECIMEN,NA,NA,Brazil,Pará,Rio Trombetas,Camargo,NA,Camargo
GBIF_246,1,"Aparatrigona impunctata (Ducke, 1916)",-3.101944,-60.025,1949746855,PRESERVED_SPECIMEN,NA,NA,Brazil,Amazonas,NA,Camargo,NA,"Camargo, Mazucato"
GBIF_247,1,"Aparatrigona impunctata (Ducke, 1916)",-3.101944,-60.025,1949746948,PRESERVED_SPECIMEN,NA,NA,Brazil,Amazonas,NA,Camargo,NA,"Camargo, Mazucato"
GBIF_248,1,"Aparatrigona impunctata (Ducke, 1916)",-8,-51,1949750367,PRESERVED_SPECIMEN,NA,NA,Brazil,Pará,NA,Camargo,NA,Camargo
GBIF_249,1,"Aparatrigona impunctata (Ducke, 1916)",-1.195833,-47.180833,1949750441,PRESERVED_SPECIMEN,NA,NA,Brazil,Pará,NA,Camargo,NA,"Camargo, Mazucato"
GBIF_250,1,"Aparatrigona impunctata (Ducke, 1916)",3.416667,-61.666667,1949754025,PRESERVED_SPECIMEN,NA,NA,Brazil,Roraima,NA,Camargo,NA,"Lucio A.O.Campos, Marcos V.B.Garcia"
GBIF_251,1,"Aparatrigona impunctata (Ducke, 1916)",-4.883333,-66.9,1949757255,PRESERVED_SPECIMEN,NA,NA,Brazil,Amazonas,Rio Juruá,Camargo,NA,"Camargo, Pedro, Mazucato"
GBIF_252,1,"Aparatrigona impunctata (Ducke, 1916)",-4.883333,-66.9,1949756918,PRESERVED_SPECIMEN,NA,NA,Brazil,Amazonas,Rio Juruá,Camargo,NA,"Camargo, Pedro, Mazucato"
GBIF_253,1,"Aparatrigona impunctata (Ducke, 1916)",-4.883333,-66.9,1949757245,PRESERVED_SPECIMEN,NA,NA,Brazil,Amazonas,Rio Juruá,Camargo,NA,"Camargo, Mazucato, Pedro"
GBIF_254,1,"Aparatrigona impunctata (Ducke, 1916)",-4.883333,-66.9,1949756966,PRESERVED_SPECIMEN,NA,NA,Brazil,Amazonas,Rio Juruá,Camargo,NA,"Camargo, Pedro, Mazucato"
GBIF_255,1,"Aparatrigona impunctata (Ducke, 1916)",-4.883333,-66.9,1949756925,PRESERVED_SPECIMEN,NA,NA,Brazil,Amazonas,Rio Juruá,Camargo,NA,"Camargo, Pedro, Mazucato"
GBIF_256,1,"Aparatrigona impunctata (Ducke, 1916)",-4.883333,-66.9,1949757267,PRESERVED_SPECIMEN,NA,NA,Brazil,Amazonas,Rio Juruá,Camargo,NA,"Camargo, Pedro, Mazucato"
GBIF_257,1,"Aparatrigona impunctata (Ducke, 1916)",-4.883333,-66.9,1949757300,PRESERVED_SPECIMEN,NA,NA,Brazil,Amazonas,Rio Juruá,Camargo,NA,"Camargo, Pedro, Mazucato"
GBIF_258,1,"Aparatrigona impunctata (Ducke, 1916)",-4.883333,-66.9,1949756789,PRESERVED_SPECIMEN,NA,NA,Brazil,Amazonas,Rio Juruá,Camargo,NA,"Camargo, Pedro, Mazucato"
GBIF_259,1,"Aparatrigona impunctata (Ducke, 1916)",-4.883333,-66.9,1949757249,PRESERVED_SPECIMEN,NA,NA,Brazil,Amazonas,Rio Juruá,Camargo,NA,"Camargo, Pedro, Mazucato"
GBIF_260,1,"Aparatrigona impunctata (Ducke, 1916)",-4.883333,-66.9,1949756793,PRESERVED_SPECIMEN,NA,NA,Brazil,Amazonas,Rio Juruá,Camargo,NA,"Camargo, Pedro, Mazucato"
GBIF_261,1,"Aparatrigona impunctata (Ducke, 1916)",-4.883333,-66.9,1949757514,PRESERVED_SPECIMEN,NA,NA,Brazil,Amazonas,Rio Juruá,Camargo,NA,"Camargo, Pedro, Mazucato"
GBIF_262,1,"Aparatrigona impunctata (Ducke, 1916)",-3.65,-66.1,1949757317,PRESERVED_SPECIMEN,NA,NA,Brazil,Amazonas,"Forte da Graça, Rio Juruá",Camargo,NA,"Camargo, Pedro, Mazucato"
GBIF_263,1,"Aparatrigona impunctata (Ducke, 1916)",-3.65,-66.1,1949757331,PRESERVED_SPECIMEN,NA,NA,Brazil,Amazonas,"Forte da Graça, Rio Juruá",Camargo,NA,"Camargo, Pedro, Mazucato"
GBIF_264,1,"Aparatrigona impunctata (Ducke, 1916)",-0.203611,-66.793333,1949764999,PRESERVED_SPECIMEN,NA,NA,Brazil,Amazonas,"Lucaí, Foz do Rio Curicuriari",Camargo,NA,"Camargo, Pedro, Mazucato"
GBIF_265,1,"Aparatrigona impunctata (Ducke, 1916)",-0.133333,-66.9,1949765098,PRESERVED_SPECIMEN,NA,NA,Brazil,Amazonas,"Camanaús, Rio Negro",Camargo,NA,"Camargo, Pedro, Mazucato"
GBIF_266,1,"Aparatrigona impunctata (Ducke, 1916)",-0.133333,-66.9,1949765563,PRESERVED_SPECIMEN,NA,NA,Brazil,Amazonas,"Camanaús, Rio Negro",Camargo,NA,"Camargo, Pedro, Mazucato"
GBIF_267,1,"Aparatrigona impunctata (Ducke, 1916)",-0.133333,-66.9,1949765556,PRESERVED_SPECIMEN,NA,NA,Brazil,Amazonas,"Camanaús, Rio Negro",Camargo,NA,"Camargo, Pedro, Mazucato"
GBIF_268,1,"Aparatrigona impunctata (Ducke, 1916)",-0.333889,-65.488889,1949766247,PRESERVED_SPECIMEN,NA,NA,Brazil,Amazonas,"Ponta Camucari, Rio Negro",Camargo,NA,"Camargo, Pedro, Mazucato"
GBIF_269,1,"Aparatrigona impunctata (Ducke, 1916)",-0.333889,-65.488889,1949766419,PRESERVED_SPECIMEN,NA,NA,Brazil,Amazonas,"Ponta Camucari, Rio Negro",Camargo,NA,"Camargo, Pedro, Mazucato"
GBIF_270,1,"Aparatrigona impunctata (Ducke, 1916)",-0.333889,-65.488889,1949766270,PRESERVED_SPECIMEN,NA,NA,Brazil,Amazonas,"Ponta Camucari, Rio Negro",Camargo,NA,"Camargo, Pedro, Mazucato"
GBIF_271,1,"Aparatrigona impunctata (Ducke, 1916)",-0.416667,-65.016667,1949765862,PRESERVED_SPECIMEN,NA,NA,Brazil,Amazonas,Rio Negro,Camargo,NA,"Camargo, Pedro, Mazucato"
GBIF_272,1,"Aparatrigona impunctata (Ducke, 1916)",-0.416667,-65.016667,1949766416,PRESERVED_SPECIMEN,NA,NA,Brazil,Amazonas,Rio Negro,Camargo,NA,"Camargo, Pedro, Mazucato"
GBIF_273,1,"Aparatrigona impunctata (Ducke, 1916)",-0.416667,-65.016667,1949765882,PRESERVED_SPECIMEN,NA,NA,Brazil,Amazonas,Rio Negro,Camargo,NA,"Camargo, Pedro, Mazucato"
GBIF_274,1,"Aparatrigona impunctata (Ducke, 1916)",-0.416667,-65.016667,1949765863,PRESERVED_SPECIMEN,NA,NA,Brazil,Amazonas,Rio Negro,Camargo,NA,"Camargo, Pedro, Mazucato"
GBIF_275,1,"Aparatrigona impunctata (Ducke, 1916)",-0.416667,-65.016667,1949766002,PRESERVED_SPECIMEN,NA,NA,Brazil,Amazonas,Rio Negro,Camargo,NA,"Camargo, Pedro, Mazucato"
GBIF_276,1,"Aparatrigona impunctata (Ducke, 1916)",-0.416667,-65.016667,1949766262,PRESERVED_SPECIMEN,NA,NA,Brazil,Amazonas,Rio Negro,Camargo,NA,"Camargo, Pedro, Mazucato"
GBIF_277,1,"Aparatrigona impunctata (Ducke, 1916)",-0.416667,-65.016667,1949766426,PRESERVED_SPECIMEN,NA,NA,Brazil,Amazonas,Rio Negro,Camargo,NA,"Camargo, Pedro, Mazucato"
GBIF_278,1,"Aparatrigona impunctata (Ducke, 1916)",-0.416667,-65.016667,1949766108,PRESERVED_SPECIMEN,NA,NA,Brazil,Amazonas,Rio Negro,Camargo,NA,"Camargo, Pedro, Mazucato"
GBIF_279,1,"Aparatrigona impunctata (Ducke, 1916)",-1.316389,-62.183889,1949766860,PRESERVED_SPECIMEN,NA,NA,Brazil,Amazonas,"Comunidade de Tapera, Lago Cauarés, Margem direita do Rio Negro",Camargo,NA,"Camargo, Pedro, Mazucato"
GBIF_280,1,"Aparatrigona impunctata (Ducke, 1916)",-1.316389,-62.183889,1949766822,PRESERVED_SPECIMEN,NA,NA,Brazil,Amazonas,"Comunidade de Tapera, Lago Cauarés, Margem direita do Rio Negro",Camargo,NA,"Camargo, Pedro, Mazucato"
GBIF_281,1,"Aparatrigona impunctata (Ducke, 1916)",-1.316389,-62.183889,1949766388,PRESERVED_SPECIMEN,NA,NA,Brazil,Amazonas,"Comunidade de Tapera, Lago Cauarés, Margem direita do Rio Negro",Camargo,NA,"Camargo, Pedro, Mazucato"
GBIF_282,1,"Aparatrigona impunctata (Ducke, 1916)",-1.316389,-62.183889,1949766552,PRESERVED_SPECIMEN,NA,NA,Brazil,Amazonas,"Comunidade de Tapera, Lago Cauarés, Margem direita do Rio Negro",Camargo,NA,"Camargo, Pedro, Mazucato"
GBIF_283,1,"Aparatrigona impunctata (Ducke, 1916)",-1.316389,-62.183889,1949766529,PRESERVED_SPECIMEN,NA,NA,Brazil,Amazonas,"Comunidade de Tapera, Lago Cauarés, Margem direita do Rio Negro",Camargo,NA,"Camargo, Pedro, Mazucato"
GBIF_284,1,"Aparatrigona impunctata (Ducke, 1916)",-1.316389,-62.183889,1949766692,PRESERVED_SPECIMEN,NA,NA,Brazil,Amazonas,"Comunidade de Tapera, Lago Cauarés, Margem direita do Rio Negro",Camargo,NA,"Camargo, Pedro, Mazucato"
GBIF_285,1,"Aparatrigona impunctata (Ducke, 1916)",-1.316389,-62.183889,1949766873,PRESERVED_SPECIMEN,NA,NA,Brazil,Amazonas,"Comunidade de Tapera, Lago Cauarés, Margem direita do Rio Negro",Camargo,NA,"Camargo, Pedro, Mazucato"
GBIF_286,1,"Aparatrigona impunctata (Ducke, 1916)",-1.316389,-62.183889,1949766852,PRESERVED_SPECIMEN,NA,NA,Brazil,Amazonas,"Comunidade de Tapera, Lago Cauarés, Margem direita do Rio Negro",Camargo,NA,"Camargo, Pedro, Mazucato"
GBIF_287,1,"Aparatrigona impunctata (Ducke, 1916)",-4.883333,-66.9,1949769657,PRESERVED_SPECIMEN,NA,NA,Brazil,Amazonas,Rio Juruá,Camargo,NA,"Camargo, Pedro, Mazucato"
GBIF_288,1,"Aparatrigona impunctata (Ducke, 1916)",-4.883333,-66.9,1949769534,PRESERVED_SPECIMEN,NA,NA,Brazil,Amazonas,Rio Juruá,Camargo,NA,"Camargo, Pedro, Mazucato"
GBIF_289,1,"Aparatrigona impunctata (Ducke, 1916)",-4.883333,-66.9,1949769532,PRESERVED_SPECIMEN,NA,NA,Brazil,Amazonas,Rio Juruá,Camargo,NA,"Camargo, Pedro, Mazucato"
GBIF_290,1,"Aparatrigona impunctata (Ducke, 1916)",-4.883333,-66.9,1949769539,PRESERVED_SPECIMEN,NA,NA,Brazil,Amazonas,Rio Juruá,Camargo,NA,"Camargo, Pedro, Mazucato"
GBIF_291,1,"Aparatrigona impunctata (Ducke, 1916)",-4.883333,-66.9,1949769659,PRESERVED_SPECIMEN,NA,NA,Brazil,Amazonas,Rio Juruá,Camargo,NA,"Camargo, Pedro, Mazucato"
GBIF_292,1,"Aparatrigona impunctata (Ducke, 1916)",-4.883333,-66.9,1949769828,PRESERVED_SPECIMEN,NA,NA,Brazil,Amazonas,Rio Juruá,Camargo,NA,"Camargo, Pedro, Mazucato"
GBIF_293,1,"Aparatrigona impunctata (Ducke, 1916)",-11.108889,-62.874444,1949769731,PRESERVED_SPECIMEN,NA,NA,Brazil,Rondônia,Linha 80,Camargo,NA,"Brown, Boina, Vieira"
GBIF_294,1,"Aparatrigona impunctata (Ducke, 1916)",-2.55,-57.966667,1949769910,PRESERVED_SPECIMEN,NA,NA,Brazil,Amazonas,"Igarapé Maripá, 10Km W de São Sebastião",Camargo,NA,Camargo
GBIF_295,1,"Aparatrigona impunctata (Ducke, 1916)",-2.55,-57.966667,1949770145,PRESERVED_SPECIMEN,NA,NA,Brazil,Amazonas,"Igarapé Maripá, 10Km W de São Sebastião",Camargo,NA,Camargo
GBIF_296,1,"Aparatrigona impunctata (Ducke, 1916)",-11.108889,-62.874444,1949807030,PRESERVED_SPECIMEN,NA,NA,Brazil,Rondônia,Linha 80,Camargo,NA,"Brown, Boina, Vieira"
GBIF_297,1,"Aparatrigona impunctata (Ducke, 1916)",-11.108889,-62.874444,1949806556,PRESERVED_SPECIMEN,NA,NA,Brazil,Rondônia,Linha 80,Camargo,NA,"Brown, Boina, Vieira"
GBIF_298,1,"Aparatrigona impunctata (Ducke, 1916)",-10.436944,-64.126667,1949806770,PRESERVED_SPECIMEN,NA,NA,Brazil,Rondônia,"BR 421, Rio Jaci-paraná",Camargo,NA,"Brown, Boina, Vieira"
GBIF_299,1,"Aparatrigona impunctata (Ducke, 1916)",-12.283333,-64.033333,1949771811,PRESERVED_SPECIMEN,NA,NA,Brazil,Rondônia,NA,Camargo,NA,"Brown, Boina, Vieira"
GBIF_300,1,"Aparatrigona impunctata (Ducke, 1916)",-10.933333,-62.7,1949772752,PRESERVED_SPECIMEN,NA,NA,Brazil,Rondônia,NA,Camargo,NA,"Brown, Boina, Vieira"
GBIF_301,1,"Aparatrigona impunctata (Ducke, 1916)",-11.816667,-62.833333,1949774074,PRESERVED_SPECIMEN,NA,NA,Brazil,Rondônia,Linha 9,Camargo,NA,"Brown, Boina, Vieira"
GBIF_302,1,"Aparatrigona impunctata (Ducke, 1916)",-11.933333,-62.716667,1949774526,PRESERVED_SPECIMEN,NA,NA,Brazil,Rondônia,Reserva Indígena Rio Branco,Camargo,NA,"Brown, Boina, Vieira"
GBIF_303,1,"Aparatrigona impunctata (Ducke, 1916)",-11.933333,-62.716667,1949774533,PRESERVED_SPECIMEN,NA,NA,Brazil,Rondônia,Reserva Indígena Rio Branco,Camargo,NA,"Brown, Boina, Vieira"
GBIF_304,1,"Aparatrigona impunctata (Ducke, 1916)",-11.616667,-61.916667,1949774287,PRESERVED_SPECIMEN,NA,NA,Brazil,Rondônia,Linha 168,Camargo,NA,"Brown, Boina, Vieira"
IDIGBIO_1,Aparatrigona impunctata,aparatrigona impunctata,5.04775,-52.75266,0198d341-99e4-4934-a798-d4a7cde31c96,NA,NA,NA,french guiana,NA,NA,NA,NA,"roubik, david"
IDIGBIO_2,Aparatrigona impunctata,aparatrigona impunctata,-0.4705556,-76.4597222,034bae4e-c9bd-4083-b34b-be4a93951b71,NA,NA,NA,ecuador,sucumbios,NA,NA,NA,"hibbs, p"
IDIGBIO_3,Aparatrigona impunctata,aparatrigona impunctata,3.4,-61.7,06a538f7-1990-473b-99e8-5bbb55a126b6,NA,NA,NA,brasil,roraima,NA,NA,NA,"rafael, josé; et al."
IDIGBIO_4,Aparatrigona impunctata,aparatrigona impunctata,-0.4705556,-76.4597222,07f38248-9d1d-4cca-bc6f-96de992a239f,NA,NA,NA,ecuador,sucumbios,NA,NA,NA,"hibbs, p"
IDIGBIO_5,Aparatrigona impunctata,aparatrigona impunctata,-0.4705556,-76.4597222,090f1353-3bd8-40ee-aa76-858ae92ef81e,NA,NA,NA,ecuador,sucumbios,NA,NA,NA,"hibbs, p"
IDIGBIO_6,Aparatrigona impunctata,aparatrigona impunctata,5.08609,-52.71416,0d2d1527-1eea-4301-a467-8b5ac943d74b,NA,NA,NA,french guiana,NA,NA,NA,NA,"roubik, david"
IDIGBIO_7,Aparatrigona impunctata,aparatrigona impunctata,NA,NA,0dc771d7-5bd2-4ba6-a0cd-77aa0776839c,NA,NA,NA,brazil,para,NA,NA,NA,camargo
IDIGBIO_8,Aparatrigona impunctata,aparatrigona impunctata,-0.4705556,-76.4597222,0e50ee40-3139-4d2e-ba3c-5e20dbe9b155,NA,NA,NA,ecuador,sucumbios,NA,NA,NA,"hibbs, p"
IDIGBIO_9,Aparatrigona impunctata,aparatrigona impunctata,5.2139,-52.71416,141d331e-ad95-4362-a970-a8305efb4fba,NA,NA,NA,french guiana,NA,NA,NA,NA,"michener, charles"
IDIGBIO_10,Aparatrigona impunctata,aparatrigona impunctata,NA,NA,1513d5bf-f72f-43a2-bd2f-c7357829792a,NA,NA,NA,brasil,amazonas,NA,NA,NA,"rafael, josé"
IDIGBIO_11,Aparatrigona impunctata,aparatrigona impunctata,5.2139,-52.71416,182c4417-1578-4552-bbea-5dc36ac0eb50,NA,NA,NA,french guiana,NA,NA,NA,NA,"michener, charles"
IDIGBIO_12,Aparatrigona impunctata,aparatrigona impunctata,5.08609,-52.71416,1b04f070-dabc-4d9f-9096-872d7fe9a0c0,NA,NA,NA,french guiana,NA,NA,NA,NA,"roubik, david"
IDIGBIO_13,Aparatrigona impunctata,aparatrigona impunctata,NA,NA,1f35f934-9467-44a7-8152-7bff92321e32,NA,NA,NA,brasil,amazonas,NA,NA,NA,"garcia, marcos"
IDIGBIO_14,Aparatrigona impunctata,aparatrigona impunctata,5.2139,-52.71416,1f3bb1d6-c930-4c2b-9796-fc92f48d5ecb,NA,NA,NA,french guiana,NA,NA,NA,NA,"michener, charles"
IDIGBIO_15,Aparatrigona impunctata,aparatrigona impunctata,-3.0666667,-59.9833333,28152b69-8e0f-46d8-a0f1-b1bf0372d736,NA,NA,NA,brasil,amazonas,NA,NA,NA,renner
IDIGBIO_16,Aparatrigona impunctata,aparatrigona impunctata,5.2139,-52.71416,2852be1e-f94c-444d-af44-d733b91584a8,NA,NA,NA,french guiana,NA,NA,NA,NA,"michener, charles"
IDIGBIO_17,Aparatrigona impunctata,aparatrigona impunctata,5.2139,-52.71416,29fdfe90-dd9f-4e9b-b48b-337af5fe1caf,NA,NA,NA,french guiana,NA,NA,NA,NA,"michener, charles"
IDIGBIO_18,Aparatrigona impunctata,aparatrigona impunctata,NA,NA,2a0fecfc-7398-493b-b40d-9b52610d8928,NA,NA,NA,brasil,amazonas,NA,NA,NA,"garcia, marcos"
IDIGBIO_19,Aparatrigona impunctata,aparatrigona impunctata,6.4933333,-58.215,2a7d40a0-f446-4a62-92f8-db9621f0c1b8,NA,NA,NA,guyana,region 10,NA,NA,NA,"brooks, r & falin, z"
IDIGBIO_20,Aparatrigona impunctata,aparatrigona impunctata,6.4933333,-58.215,312567dc-4638-466f-806d-41dd35cbd567,NA,NA,NA,guyana,region 10,NA,NA,NA,"brooks, r & falin, z"
IDIGBIO_21,Aparatrigona impunctata,aparatrigona impunctata,NA,NA,32a21bbe-ed29-498f-b0a6-1b29ff837d75,NA,NA,NA,brazil,para,NA,NA,NA,camargo
IDIGBIO_22,Aparatrigona impunctata,aparatrigona impunctata,5.2139,-52.71416,3319421d-c96d-4be1-ae28-262f410b9437,NA,NA,NA,french guiana,NA,NA,NA,NA,"michener, charles"
IDIGBIO_23,Aparatrigona impunctata,aparatrigona impunctata,-8.76667,-63.9,33e927e7-041b-4c03-90b3-b500aca85fe7,NA,NA,NA,brazil,rondonia,NA,NA,NA,"alvarenga, moacir"
IDIGBIO_24,Aparatrigona impunctata,aparatrigona impunctata,5.2139,-52.71416,34d3ad11-a9a3-408c-8d3d-e7f9ed7e907e,NA,NA,NA,french guiana,NA,NA,NA,NA,"michener, charles"
IDIGBIO_25,Aparatrigona impunctata,aparatrigona impunctata,NA,NA,35783cdd-e38a-438a-898a-32028c9b5876,NA,NA,NA,brasil,amazonas,NA,NA,NA,"gondim, c."
IDIGBIO_26,Aparatrigona impunctata,aparatrigona impunctata,NA,NA,3592bbcc-6fef-4f43-9389-c2e36cbc9ab3,NA,NA,NA,french guiana,NA,NA,NA,NA,michener & kukuk
IDIGBIO_27,Aparatrigona impunctata,aparatrigona impunctata,5.2139,-52.71416,36e1c00d-6f74-4f69-80d6-443532660ff8,NA,NA,NA,french guiana,NA,NA,NA,NA,"michener, charles"
IDIGBIO_28,Aparatrigona impunctata,aparatrigona impunctata,6.4933333,-58.215,37d92b30-dab1-40d8-a822-274a0aa59162,NA,NA,NA,guyana,region 10,NA,NA,NA,"brooks, r & falin, z"
IDIGBIO_29,Aparatrigona impunctata,aparatrigona impunctata,NA,NA,410c3e65-feb0-4e66-bb39-90c4f7d3dd95,NA,NA,NA,french guiana,NA,NA,NA,NA,michener & kukuk
IDIGBIO_30,Aparatrigona impunctata,aparatrigona impunctata,6.4933333,-58.215,4197ec06-4d8b-4528-9800-d75a755c9c80,NA,NA,NA,guyana,region 10,NA,NA,NA,"brooks, r & falin, z"
IDIGBIO_31,Aparatrigona impunctata,aparatrigona impunctata,-0.4705556,-76.4597222,43fa3619-ea57-47fe-a3e7-c7055f34ba1d,NA,NA,NA,ecuador,sucumbios,NA,NA,NA,"hibbs, p"
IDIGBIO_32,Aparatrigona impunctata,aparatrigona impunctata,6.4933333,-58.215,447a7bb2-7a39-4840-bc5c-f365bcf8c920,NA,NA,NA,guyana,region 10,NA,NA,NA,"brooks, r & falin, z"
IDIGBIO_33,Aparatrigona impunctata,aparatrigona impunctata,6.4933333,-58.215,45308d81-e15c-4b11-8b61-78b8cb850f5e,NA,NA,NA,guyana,region 10,NA,NA,NA,"brooks, r & falin, z"
IDIGBIO_34,Aparatrigona impunctata,aparatrigona impunctata,-0.4705556,-76.4597222,46084d83-e416-4cac-8f1b-4dec5b49bf21,NA,NA,NA,ecuador,sucumbios,NA,NA,NA,"hibbs, p"
IDIGBIO_35,Aparatrigona impunctata,aparatrigona impunctata,-0.4705556,-76.4597222,465b2991-a631-4e1b-b8e6-04a31b254720,NA,NA,NA,ecuador,sucumbios,NA,NA,NA,"hibbs, p"
IDIGBIO_36,Aparatrigona impunctata,aparatrigona impunctata,-0.4705556,-76.4597222,46c22b2b-4a76-480d-a156-be56b792b2d6,NA,NA,NA,ecuador,sucumbios,NA,NA,NA,"hibbs, p"
IDIGBIO_37,Aparatrigona impunctata,aparatrigona impunctata,NA,NA,46c7e525-002f-41f1-9fb8-6f490dddf9ac,NA,NA,NA,brazil,para,NA,NA,NA,"alvarenga, moacir"
IDIGBIO_38,Aparatrigona impunctata,aparatrigona impunctata,6.4933333,-58.215,48472b6f-191d-413c-9197-4ad4e62a452c,NA,NA,NA,guyana,region 10,NA,NA,NA,"brooks, r & falin, z"
IDIGBIO_39,Aparatrigona impunctata,aparatrigona impunctata,-11.1766389,-62.7828056,48ba5514-d72c-450b-a431-ac82a20da1e2,NA,NA,NA,brazil,rondonia,NA,NA,NA,"brown, boina, vieira"
IDIGBIO_40,Aparatrigona impunctata,aparatrigona impunctata,5.2139,-52.71416,4afaa3d1-3301-47db-b340-8a3bb8e78084,NA,NA,NA,french guiana,NA,NA,NA,NA,"michener, charles"
IDIGBIO_41,Aparatrigona impunctata,aparatrigona impunctata,5.2139,-52.71416,4b97fafe-4e0b-42e2-ae05-e5676d3fff41,NA,NA,NA,french guiana,NA,NA,NA,NA,"michener, charles"
IDIGBIO_42,Aparatrigona impunctata,aparatrigona impunctata,NA,NA,4bfad929-c922-49b8-afa2-7e6242f98e42,NA,NA,NA,brasil,roraima,NA,NA,NA,"rafael, josé; aquino, luís; bindá, josé"
IDIGBIO_43,Aparatrigona impunctata,aparatrigona impunctata,3.83333,-51.83333,4c8a9bc5-c891-49f9-abef-00e74d69e658,NA,NA,NA,brazil,amapa,NA,NA,NA,"alvarenga, moacir"
IDIGBIO_44,Aparatrigona impunctata,aparatrigona impunctata,3.83333,-51.83333,4d319255-3a8b-4e4c-b468-1afcfe591888,NA,NA,NA,brazil,amapa,NA,NA,NA,"alvarenga, moacir"
IDIGBIO_45,Aparatrigona impunctata,aparatrigona impunctata,-0.4705556,-76.4597222,4ea6c3c7-ef15-4498-8164-0e7b14c3b9d7,NA,NA,NA,ecuador,sucumbios,NA,NA,NA,"hibbs, p"
IDIGBIO_46,Aparatrigona impunctata,aparatrigona impunctata,NA,NA,500d79a4-5514-4297-b102-6b8fba4d76fb,NA,NA,NA,brazil,para,NA,NA,NA,"alvarenga, moacir"
IDIGBIO_47,Aparatrigona impunctata,aparatrigona impunctata,5.2139,-52.71416,50eab556-a29d-4bbb-a9e0-af073915e101,NA,NA,NA,french guiana,NA,NA,NA,NA,"michener, charles"
IDIGBIO_48,Aparatrigona impunctata,aparatrigona impunctata,-0.4705556,-76.4597222,527428fd-5562-4e73-88c9-8666cf2f63c8,NA,NA,NA,ecuador,sucumbios,NA,NA,NA,"hibbs, p"
IDIGBIO_49,Aparatrigona impunctata,aparatrigona impunctata,NA,NA,5284ff6c-a05e-4ddb-b95b-b2961b144313,NA,NA,NA,brasil,amazonas,NA,NA,NA,"fernandez, e."
IDIGBIO_50,Aparatrigona impunctata,aparatrigona impunctata,-12.53714,-69.02298,56afe400-2e6d-4f6f-82e1-f7624a6db6e6,NA,NA,NA,peru,madre de dios,NA,NA,NA,"coloma, luis"
IDIGBIO_51,Aparatrigona impunctata,aparatrigona impunctata,6.4933333,-58.215,59b0ee1c-802b-473b-80a4-301d8abb77c2,NA,NA,NA,guyana,region 10,NA,NA,NA,"brooks, r & falin, z"
IDIGBIO_52,Aparatrigona impunctata,aparatrigona impunctata,6.4933333,-58.215,5a8d6368-62a4-4816-aa1b-116b34347dfb,NA,NA,NA,guyana,region 10,NA,NA,NA,"brooks, r & falin, z"
IDIGBIO_53,Aparatrigona impunctata,aparatrigona impunctata,3.83333,-51.83333,5d6e51fe-1466-4b82-912c-01601b9b1d24,NA,NA,NA,brazil,amapa,NA,NA,NA,"alvarenga, moacir"
IDIGBIO_54,Aparatrigona impunctata,aparatrigona impunctata,-12.75,-59.8,5e328917-bd7b-497a-ae52-a32b05df6f82,NA,NA,NA,brazil,mato grosso,NA,NA,NA,"alvarenga, moacir"
IDIGBIO_55,Aparatrigona impunctata,aparatrigona impunctata,NA,NA,5ff14949-5f67-4029-a4b7-2fe021705545,NA,NA,NA,brasil,amazonas,NA,NA,NA,"rafael, josé"
IDIGBIO_56,Aparatrigona impunctata,aparatrigona impunctata,6.4933333,-58.215,601c7deb-14ba-4084-868b-f7985f394458,NA,NA,NA,guyana,region 10,NA,NA,NA,"brooks, r & falin, z"
IDIGBIO_57,Aparatrigona impunctata,aparatrigona impunctata,-0.4705556,-76.4597222,603226d1-1a58-4444-9cdd-e98f5449dde1,NA,NA,NA,ecuador,sucumbios,NA,NA,NA,"hibbs, p"
IDIGBIO_58,Aparatrigona impunctata,aparatrigona impunctata,5.2139,-52.71416,60c0aec5-b317-4a50-9bd8-8a240a48ccc4,NA,NA,NA,french guiana,NA,NA,NA,NA,"michener, charles"
IDIGBIO_59,Aparatrigona impunctata,aparatrigona impunctata,-0.4705556,-76.4597222,62c1b1db-5b11-46d4-bd5f-58a090ee2d5b,NA,NA,NA,ecuador,sucumbios,NA,NA,NA,"hibbs, p"
IDIGBIO_60,Aparatrigona impunctata,aparatrigona impunctata,NA,NA,65aea387-657f-4856-be46-ea3ae8e3b8bd,NA,NA,NA,brazil,para,NA,NA,NA,"alvarenga, moacir"
IDIGBIO_61,Aparatrigona impunctata,aparatrigona impunctata,-0.4705556,-76.4597222,666a63d4-a840-4ad5-9aa3-20d44ca3e95e,NA,NA,NA,ecuador,sucumbios,NA,NA,NA,"hibbs, p"
IDIGBIO_62,Aparatrigona impunctata,aparatrigona impunctata,6.4933333,-58.215,66bb624c-ff79-48a4-b37b-18872f549214,NA,NA,NA,guyana,region 10,NA,NA,NA,"brooks, r & falin, z"
IDIGBIO_63,Aparatrigona impunctata,aparatrigona impunctata,NA,NA,6a46915f-2515-4e5f-bfbf-9d6cee54f605,NA,NA,NA,brasil,roraima,NA,NA,NA,"rafael, josé; aquino, luís; bindá, josé"
IDIGBIO_64,Aparatrigona impunctata,aparatrigona impunctata,-0.4705556,-76.4597222,6b1d70cc-3c99-4d7e-95ec-2db30114e2bf,NA,NA,NA,ecuador,sucumbios,NA,NA,NA,"hibbs, p"
IDIGBIO_65,Aparatrigona impunctata,aparatrigona impunctata,6.4933333,-58.215,6e4d5041-4754-477f-ae5b-7cd1d83debf6,NA,NA,NA,guyana,region 10,NA,NA,NA,"brooks, r & falin, z"
IDIGBIO_66,Aparatrigona impunctata,aparatrigona impunctata,NA,NA,70a19819-21c2-4575-81ad-2514d6431c26,NA,NA,NA,brasil,roraima,NA,NA,NA,"rafael, josé; et al."
IDIGBIO_67,Aparatrigona impunctata,aparatrigona impunctata,6.4933333,-58.215,71349d24-6498-4b0f-b399-37be82122316,NA,NA,NA,guyana,region 10,NA,NA,NA,"brooks, r & falin, z"
IDIGBIO_68,Aparatrigona impunctata,aparatrigona impunctata,5.2139,-52.71416,7481e9ae-c370-4c8e-9284-38eace9d29b1,NA,NA,NA,french guiana,NA,NA,NA,NA,"michener, charles"
IDIGBIO_69,Aparatrigona impunctata,aparatrigona impunctata,-0.4705556,-76.4597222,759cad46-533a-457f-afd7-65eab3c45f1c,NA,NA,NA,ecuador,sucumbios,NA,NA,NA,"hibbs, p"
IDIGBIO_70,Aparatrigona impunctata,aparatrigona impunctata,5.2139,-52.71416,76b66932-7856-4364-85e1-919e792e0aee,NA,NA,NA,french guiana,NA,NA,NA,NA,"michener, charles"
IDIGBIO_71,Aparatrigona impunctata,aparatrigona impunctata,-0.4705556,-76.4597222,7735feff-08ec-4519-894d-f8b9ebb9e58a,NA,NA,NA,ecuador,sucumbios,NA,NA,NA,"hibbs, p"
IDIGBIO_72,Aparatrigona impunctata,aparatrigona impunctata,NA,NA,776032d7-1a40-4bb6-aa6b-73a36652e63c,NA,NA,NA,brazil,para,NA,NA,NA,"alvarenga, moacir"
IDIGBIO_73,Aparatrigona impunctata,aparatrigona impunctata,5.2139,-52.71416,7813c096-74b6-4adb-8dba-c707cc6a61f2,NA,NA,NA,french guiana,NA,NA,NA,NA,"michener, charles"
IDIGBIO_74,Aparatrigona impunctata,aparatrigona impunctata,5.2139,-52.71416,7a774d6f-6ca9-489b-86a2-cfa33dcd06da,NA,NA,NA,french guiana,NA,NA,NA,NA,"michener, charles"
IDIGBIO_75,Aparatrigona impunctata,aparatrigona impunctata,3.83333,-51.83333,7a8ebf8e-ad92-4bcb-8a2d-20d8462c31ea,NA,NA,NA,brazil,amapa,NA,NA,NA,"alvarenga, moacir"
IDIGBIO_76,Aparatrigona impunctata,aparatrigona impunctata,6.4933333,-58.215,7b5b88fa-c879-4bc1-a086-56ded4fd2c4b,NA,NA,NA,guyana,region 10,NA,NA,NA,"brooks, r & falin, z"
IDIGBIO_77,Aparatrigona impunctata,aparatrigona impunctata,NA,NA,7c4ad7d8-a429-4e06-bbb9-dceaa3a8265f,NA,NA,NA,brasil,amazonas,NA,NA,NA,"aquino, luís"
IDIGBIO_78,Aparatrigona impunctata,aparatrigona impunctata,6.4933333,-58.215,7fc6138f-1a42-40a5-8607-e0db365042c5,NA,NA,NA,guyana,region 10,NA,NA,NA,"brooks, r & falin, z"
IDIGBIO_79,Aparatrigona impunctata,aparatrigona impunctata,5.2139,-52.71416,85634c27-1ee1-4de4-8fb8-d90d801c2ca1,NA,NA,NA,french guiana,NA,NA,NA,NA,"michener, charles"
IDIGBIO_80,Aparatrigona impunctata,aparatrigona impunctata,3.83333,-51.83333,884226f4-c9ca-4192-9b41-5af26e58c3be,NA,NA,NA,brazil,amapa,NA,NA,NA,"alvarenga, moacir"
IDIGBIO_81,Aparatrigona impunctata,aparatrigona impunctata,NA,NA,8c318bac-9521-4827-939b-a20960d60645,NA,NA,NA,brazil,para,NA,NA,NA,camargo
IDIGBIO_82,Aparatrigona impunctata,aparatrigona impunctata,5.04775,-52.75266,8ce12d56-5752-4027-b6c0-47bd6f895793,NA,NA,NA,french guiana,NA,NA,NA,NA,"roubik, david"
IDIGBIO_83,Aparatrigona impunctata,aparatrigona impunctata,5.2139,-52.71416,8ef46ff1-0270-450e-94a2-fd645d7a473d,NA,NA,NA,french guiana,NA,NA,NA,NA,"michener, charles"
IDIGBIO_84,Aparatrigona impunctata,aparatrigona impunctata,5.2139,-52.71416,8f4b1b6e-e02c-4c71-9389-4c5815af0825,NA,NA,NA,french guiana,NA,NA,NA,NA,"michener, charles"
IDIGBIO_85,Aparatrigona impunctata,aparatrigona impunctata,5.2139,-52.71416,928cbca2-a997-4501-83f9-29cdb7c6bf20,NA,NA,NA,french guiana,NA,NA,NA,NA,"michener, charles"
IDIGBIO_86,Aparatrigona impunctata,aparatrigona impunctata,-0.4705556,-76.4597222,93dbfb53-7eba-423b-ac30-13b4a16f365d,NA,NA,NA,ecuador,sucumbios,NA,NA,NA,"hibbs, p"
IDIGBIO_87,Aparatrigona impunctata,aparatrigona impunctata,6.4933333,-58.215,960362b2-54fb-404a-b561-03315a9c424f,NA,NA,NA,guyana,region 10,NA,NA,NA,"brooks, r & falin, z"
IDIGBIO_88,Aparatrigona impunctata,aparatrigona impunctata,NA,NA,981e453c-34e0-4f29-a793-07929f172b6d,NA,NA,NA,french guiana,NA,NA,NA,NA,"michener, charles"
IDIGBIO_89,Aparatrigona impunctata,aparatrigona impunctata,-3.0666667,-59.9833333,989a73ac-b8f4-4393-ba3f-0aba9082a1ce,NA,NA,NA,brasil,amazonas,NA,NA,NA,renner
IDIGBIO_90,Aparatrigona impunctata,aparatrigona impunctata,6.4933333,-58.215,9b3ffb59-036c-43d9-9017-170b49830b84,NA,NA,NA,guyana,region 10,NA,NA,NA,"brooks, r & falin, z"
IDIGBIO_91,Aparatrigona impunctata,aparatrigona impunctata,5.2139,-52.71416,9c0b5763-5f0a-4a91-b7e4-4eb066bffcde,NA,NA,NA,french guiana,NA,NA,NA,NA,"michener, charles"
IDIGBIO_92,Aparatrigona impunctata,aparatrigona impunctata,6.4933333,-58.215,9dd77ab6-69c9-41db-b62c-9522b6792bb3,NA,NA,NA,guyana,region 10,NA,NA,NA,"brooks, r & falin, z"
IDIGBIO_93,Aparatrigona impunctata,aparatrigona impunctata,5.2139,-52.71416,9deb887f-3153-4d5a-a276-731cb9db70c7,NA,NA,NA,french guiana,NA,NA,NA,NA,"michener, charles"
IDIGBIO_94,Aparatrigona impunctata,aparatrigona impunctata,NA,NA,a16cbe8a-a402-4f7d-9a36-559bce228394,NA,NA,NA,brazil,para,NA,NA,NA,"alvarenga, moacir"
IDIGBIO_95,Aparatrigona impunctata,aparatrigona impunctata,5.2139,-52.71416,a2d816c9-4f9d-4217-9f56-28764d21868a,NA,NA,NA,french guiana,NA,NA,NA,NA,"michener, charles"
IDIGBIO_96,Aparatrigona impunctata,aparatrigona impunctata,NA,NA,a3391410-6db8-4ffc-9ca7-e89577ceb9c7,NA,NA,NA,brasil,amazonas,NA,NA,NA,"rafael, josé"
IDIGBIO_97,Aparatrigona impunctata,aparatrigona impunctata,NA,NA,a3b950f2-84ea-47f8-acec-5a6ed28e2b55,NA,NA,NA,brasil,amazonas,NA,NA,NA,"garcia, marcos"
IDIGBIO_98,Aparatrigona impunctata,aparatrigona impunctata,6.4933333,-58.215,a436cccf-f5d3-4cd6-a4f2-00a950e366b6,NA,NA,NA,guyana,region 10,NA,NA,NA,"brooks, r & falin, z"
IDIGBIO_99,Aparatrigona impunctata,aparatrigona impunctata,NA,NA,a78fd7b9-99b8-4958-8297-fd3d68473ef5,NA,NA,NA,brasil,amazonas,NA,NA,NA,"garcia, marcos"
IDIGBIO_100,Aparatrigona impunctata,aparatrigona impunctata,6.4933333,-58.215,a86136b3-38ef-4914-bd45-3e2acb5742dc,NA,NA,NA,guyana,region 10,NA,NA,NA,"brooks, r & falin, z"
IDIGBIO_101,Aparatrigona impunctata,aparatrigona impunctata,NA,NA,a8974f74-5a6c-425b-ae8a-8a0f550392d2,NA,NA,NA,brazil,para,NA,NA,NA,"alvarenga, moacir"
IDIGBIO_102,Aparatrigona impunctata,aparatrigona impunctata,-3.0666667,-59.9833333,a90616e1-134f-4f3b-8509-04f8919d4b94,NA,NA,NA,brasil,amazonas,NA,NA,NA,renner
IDIGBIO_103,Aparatrigona impunctata,aparatrigona impunctata,NA,NA,aa194b5d-dc14-463d-9341-870abacc3c1f,NA,NA,NA,brasil,amazonas,NA,NA,NA,"rafael, josé"
IDIGBIO_104,Aparatrigona impunctata,aparatrigona impunctata,-0.3166667,-66.6833333,ab202e57-9e99-4b11-b3e6-b110d6715311,NA,NA,NA,brasil,amazonas,NA,NA,NA,"rafael, josé; vidal, j."
IDIGBIO_105,Aparatrigona impunctata,aparatrigona impunctata,NA,NA,ab9de526-723a-49c8-8d31-4799e91f8710,NA,NA,NA,brasil,roraima,NA,NA,NA,"rafael, josé; et al."
IDIGBIO_106,Aparatrigona impunctata,aparatrigona impunctata,5.2139,-52.71416,ad02e21e-51f3-478a-97a9-4600f7179537,NA,NA,NA,french guiana,NA,NA,NA,NA,"michener, charles"
IDIGBIO_107,Aparatrigona impunctata,aparatrigona impunctata,NA,NA,adddebc9-2b76-4d4a-985a-4b818bc8babd,NA,NA,NA,french guiana,NA,NA,NA,NA,"michener, charles"
IDIGBIO_108,Aparatrigona impunctata,aparatrigona impunctata,-0.4705556,-76.4597222,ae79417f-286b-42b6-b5db-e35987ceba53,NA,NA,NA,ecuador,sucumbios,NA,NA,NA,"hibbs, p"
IDIGBIO_109,Aparatrigona impunctata,aparatrigona impunctata,6.4933333,-58.215,af6dea3c-fc11-402c-98a3-567772c28a33,NA,NA,NA,guyana,region 10,NA,NA,NA,"brooks, r & falin, z"
IDIGBIO_110,Aparatrigona impunctata,aparatrigona impunctata,-0.4705556,-76.4597222,af8e68d1-4450-4197-bdc6-557cdc2cb01e,NA,NA,NA,ecuador,sucumbios,NA,NA,NA,"hibbs, p"
IDIGBIO_111,Aparatrigona impunctata,aparatrigona impunctata,-0.4705556,-76.4597222,b056dfe3-4c16-4cae-aff5-2dc5b0519ff4,NA,NA,NA,ecuador,sucumbios,NA,NA,NA,"hibbs, p"
IDIGBIO_112,Aparatrigona impunctata,aparatrigona impunctata,-0.4705556,-76.4597222,b1defa02-daf7-411e-8839-4987af986d67,NA,NA,NA,ecuador,sucumbios,NA,NA,NA,"hibbs, p"
IDIGBIO_113,Aparatrigona impunctata,aparatrigona impunctata,4.93333,-52.33333,b2272af8-4def-4eed-a3a0-5826f0a24202,NA,NA,NA,french guiana,NA,NA,NA,NA,"roubik, david"
IDIGBIO_114,Aparatrigona impunctata,aparatrigona impunctata,5.2139,-52.71416,b27f03dd-5c4d-4a2e-8299-5c4f55d3dfc9,NA,NA,NA,french guiana,NA,NA,NA,NA,"michener, charles"
IDIGBIO_115,Aparatrigona impunctata,aparatrigona impunctata,NA,NA,b3ca2053-1b46-4fb9-bcd0-69f237f5d40d,NA,NA,NA,french guiana,NA,NA,NA,NA,michener & kukuk
IDIGBIO_116,Aparatrigona impunctata,aparatrigona impunctata,5.2139,-52.71416,b3e50590-e518-4822-9aff-0081cc444504,NA,NA,NA,french guiana,NA,NA,NA,NA,"michener, charles"
IDIGBIO_117,Aparatrigona impunctata,aparatrigona impunctata,5.2139,-52.71416,b6555782-0fb8-4eb0-9574-0576500d6e29,NA,NA,NA,french guiana,NA,NA,NA,NA,"michener, charles"
IDIGBIO_118,Aparatrigona impunctata,aparatrigona impunctata,NA,NA,b677b800-275d-4b21-a012-1f20bf060c83,NA,NA,NA,brasil,amazonas,NA,NA,NA,"garcia, marcos"
IDIGBIO_119,Aparatrigona impunctata,aparatrigona impunctata,5.2139,-52.71416,b8aad707-bf54-49e5-8b88-483a98bb9edd,NA,NA,NA,french guiana,NA,NA,NA,NA,"michener, charles"
IDIGBIO_120,Aparatrigona impunctata,aparatrigona impunctata,5.2139,-52.71416,b9f8e530-22cf-4fd7-ba47-c9eff617eb07,NA,NA,NA,french guiana,NA,NA,NA,NA,"michener, charles"
IDIGBIO_121,Aparatrigona impunctata,aparatrigona impunctata,-0.4705556,-76.4597222,bb696290-31cd-4010-b062-32b249ea5734,NA,NA,NA,ecuador,sucumbios,NA,NA,NA,"hibbs, p"
IDIGBIO_122,Aparatrigona impunctata,aparatrigona impunctata,6.4933333,-58.215,bbde5cfb-19fd-44eb-87c0-2b485c9bf2af,NA,NA,NA,guyana,region 10,NA,NA,NA,"brooks, r & falin, z"
IDIGBIO_123,Aparatrigona impunctata,aparatrigona impunctata,5.2139,-52.71416,be891e7c-05ad-423a-b48d-8f6c1fe961f8,NA,NA,NA,french guiana,NA,NA,NA,NA,"michener, charles"
IDIGBIO_124,Aparatrigona impunctata,aparatrigona impunctata,6.4933333,-58.215,bf01ad4f-e984-4731-9795-7da8e4e30b23,NA,NA,NA,guyana,region 10,NA,NA,NA,"brooks, r & falin, z"
IDIGBIO_125,Aparatrigona impunctata,aparatrigona impunctata,-3.0666667,-59.9833333,c1b3f5e8-e3d9-4f54-85a4-aed3d2efd7d4,NA,NA,NA,brasil,amazonas,NA,NA,NA,renner
IDIGBIO_126,Aparatrigona impunctata,aparatrigona impunctata,3.83333,-51.83333,c5707296-06fd-4b9b-ad1c-6e44d3860ba8,NA,NA,NA,brazil,amapa,NA,NA,NA,"alvarenga, moacir"
IDIGBIO_127,Aparatrigona impunctata,aparatrigona impunctata,6.4933333,-58.215,c59d1056-9667-481d-9ca5-81cb24a5377c,NA,NA,NA,guyana,region 10,NA,NA,NA,"brooks, r & falin, z"
IDIGBIO_128,Aparatrigona impunctata,aparatrigona impunctata,6.4933333,-58.215,c6873fb6-cdc5-4907-b0fc-29b912e64757,NA,NA,NA,guyana,region 10,NA,NA,NA,"brooks, r & falin, z"
IDIGBIO_129,Aparatrigona impunctata,aparatrigona impunctata,-0.4705556,-76.4597222,c6b05162-c696-4dba-89be-1896c98c217d,NA,NA,NA,ecuador,sucumbios,NA,NA,NA,"hibbs, p"
IDIGBIO_130,Aparatrigona impunctata,aparatrigona impunctata,5.2139,-52.71416,c70aef00-655f-4620-ac25-c570e2f2a4b2,NA,NA,NA,french guiana,NA,NA,NA,NA,"michener, charles"
IDIGBIO_131,Aparatrigona impunctata,aparatrigona impunctata,6.4933333,-58.215,c7108223-24b0-4aaf-a0a9-e7a0b73490f2,NA,NA,NA,guyana,region 10,NA,NA,NA,"brooks, r & falin, z"
IDIGBIO_132,Aparatrigona impunctata,aparatrigona impunctata,4.50857,-52.33333,c78d026c-a476-4295-85f4-ccd1f597a4c9,NA,NA,NA,french guiana,NA,NA,NA,NA,"michener, winston & otis"
IDIGBIO_133,Aparatrigona impunctata,aparatrigona impunctata,5.2139,-52.71416,cc0cc424-d5ad-460b-8b5b-afc4a36459c4,NA,NA,NA,french guiana,NA,NA,NA,NA,"michener, charles"
IDIGBIO_134,Aparatrigona impunctata,aparatrigona impunctata,NA,NA,cc7bdade-6ce6-447f-b529-e6cd05324a9f,NA,NA,NA,brazil,para,NA,NA,NA,"alvarenga, moacir"
IDIGBIO_135,Aparatrigona impunctata,aparatrigona impunctata,-3.0666667,-59.9833333,d100e572-c56a-4d32-9d39-a4abb35016af,NA,NA,NA,brasil,amazonas,NA,NA,NA,renner
IDIGBIO_136,Aparatrigona impunctata,aparatrigona impunctata,6.4933333,-58.215,d185a4be-3b67-48ef-976b-4e2fc87f11d5,NA,NA,NA,guyana,region 10,NA,NA,NA,"brooks, r & falin, z"
IDIGBIO_137,Aparatrigona impunctata,aparatrigona impunctata,5.2139,-52.71416,d484a264-d270-49a8-a713-0d230b1a6a4a,NA,NA,NA,french guiana,NA,NA,NA,NA,"michener, charles"
IDIGBIO_138,Aparatrigona impunctata,aparatrigona impunctata,NA,NA,d8cf0517-d4bb-4798-8ca8-ed28bb75f7f0,NA,NA,NA,brazil,guapore,NA,NA,NA,"alvarenga, moacir"
IDIGBIO_139,Aparatrigona impunctata,aparatrigona impunctata,5.2139,-52.71416,db364dc5-bf69-41c7-b9a9-befd0e9f7cc6,NA,NA,NA,french guiana,NA,NA,NA,NA,"michener, charles"
IDIGBIO_140,Aparatrigona impunctata,aparatrigona impunctata,6.4933333,-58.215,de1b3f6a-e7db-48e5-bd2e-ba7aa230cd6d,NA,NA,NA,guyana,region 10,NA,NA,NA,"brooks, r & falin, z"
IDIGBIO_141,Aparatrigona impunctata,aparatrigona impunctata,-0.4705556,-76.4597222,e14cd709-efa1-4a98-8f31-90af38d09cb7,NA,NA,NA,ecuador,sucumbios,NA,NA,NA,"hibbs, p"
IDIGBIO_142,Aparatrigona impunctata,aparatrigona impunctata,5.2139,-52.71416,e29dace5-ab54-4027-9357-3a7a55515ebc,NA,NA,NA,french guiana,NA,NA,NA,NA,"michener, charles"
IDIGBIO_143,Aparatrigona impunctata,aparatrigona impunctata,NA,NA,e4392cf7-ebc2-42e2-86c6-e9cfc0e288cb,NA,NA,NA,brasil,amazonas,NA,NA,NA,"arias, jorge"
IDIGBIO_144,Aparatrigona impunctata,aparatrigona impunctata,5.2139,-52.71416,e5f8c4d2-0c76-42c1-8b97-54bd84205083,NA,NA,NA,french guiana,NA,NA,NA,NA,"michener, charles"
IDIGBIO_145,Aparatrigona impunctata,aparatrigona impunctata,NA,NA,e691957a-cfe7-4830-bc17-a2eebef4cf1f,NA,NA,NA,brasil,roraima,NA,NA,NA,"rafael, josé; et al."
IDIGBIO_146,Aparatrigona impunctata,aparatrigona impunctata,6.4933333,-58.215,e7686712-76e8-4883-acac-3f80142e5c70,NA,NA,NA,guyana,region 10,NA,NA,NA,"brooks, r & falin, z"
IDIGBIO_147,Aparatrigona impunctata,aparatrigona impunctata,6.4933333,-58.215,e7b54de1-4bc5-4213-ba41-6e9784d44b2e,NA,NA,NA,guyana,region 10,NA,NA,NA,"brooks, r & falin, z"
IDIGBIO_148,Aparatrigona impunctata,aparatrigona impunctata,NA,NA,e92801a0-453c-4815-81bf-0088f2eaac23,NA,NA,NA,brasil,amazonas,NA,NA,NA,"falcão, m."
IDIGBIO_149,Aparatrigona impunctata,aparatrigona impunctata,6.4933333,-58.215,e9b25ce5-1de8-463d-8a38-fa719e90b385,NA,NA,NA,guyana,region 10,NA,NA,NA,"brooks, r & falin, z"
IDIGBIO_150,Aparatrigona impunctata,aparatrigona impunctata,-0.4705556,-76.4597222,ebe9fc89-de6d-4035-b22d-24773ddd407c,NA,NA,NA,ecuador,sucumbios,NA,NA,NA,"hibbs, p"
IDIGBIO_151,Aparatrigona impunctata,aparatrigona impunctata,NA,NA,ecd5a4cc-a847-48d4-b75a-1d651b4138c4,NA,NA,NA,brasil,amazonas,NA,NA,NA,"araujo, p."
IDIGBIO_152,Aparatrigona impunctata,aparatrigona impunctata,NA,NA,ef4e19c4-4d25-4bcb-aa39-12749601ebd1,NA,NA,NA,french guiana,NA,NA,NA,NA,"michener, charles"
IDIGBIO_153,Aparatrigona impunctata,aparatrigona impunctata,3.83333,-51.83333,f00d2b6d-ac4d-4568-a94b-ee31b4571e27,NA,NA,NA,brazil,amapa,NA,NA,NA,"alvarenga, moacir"
IDIGBIO_154,Aparatrigona impunctata,aparatrigona impunctata,6.4933333,-58.215,f12282d5-446b-488b-9e64-d34918d229fb,NA,NA,NA,guyana,region 10,NA,NA,NA,"brooks, r & falin, z"
IDIGBIO_155,Aparatrigona impunctata,aparatrigona impunctata,NA,NA,f2d76f73-819c-4257-8274-29c75522252d,NA,NA,NA,brazil,para,NA,NA,NA,"alvarenga, moacir"
IDIGBIO_156,Aparatrigona impunctata,aparatrigona impunctata,-12.75,-59.8,f86f8539-676b-496a-828f-18703482836d,NA,NA,NA,brazil,mato grosso,NA,NA,NA,"alvarenga, moacir"
IDIGBIO_157,Aparatrigona impunctata,aparatrigona impunctata,-12.75,-59.8,fd508c21-59b5-4468-952b-77391d84f148,NA,NA,NA,brazil,mato grosso,NA,NA,NA,"alvarenga, moacir"
IDIGBIO_158,Aparatrigona impunctata,aparatrigona impunctata,6.4933333,-58.215,fdba9670-43ee-4f8e-8ef6-c142a71223ca,NA,NA,NA,guyana,region 10,NA,NA,NA,"brooks, r & falin, z"
